yearID,teamID,lgID,playerID,G_all,GS,G_batting,G_defense,G_p,G_c,G_1b,G_2b,G_3b,G_ss,G_lf,G_cf,G_rf,G_of,G_dh,G_ph,G_pr
1871,TRO,NA,abercda01,1,1,1,1,0,0,0,0,0,1,0,0,0,0,0,0,0
1871,RC1,NA,addybo01,25,25,25,25,0,0,0,22,0,3,0,0,0,0,0,0,0
1871,CL1,NA,allisar01,29,29,29,29,0,0,0,2,0,0,0,29,0,29,0,0,0
1871,WS3,NA,allisdo01,27,27,27,27,0,27,0,0,0,0,0,0,0,0,0,0,0
1871,RC1,NA,ansonca01,25,25,25,25,0,5,1,2,20,0,1,0,0,1,0,0,0
1871,FW1,NA,armstbo01,12,12,12,12,0,0,0,0,0,0,0,11,1,12,0,0,0
1871,RC1,NA,barkeal01,1,1,1,1,0,0,0,0,0,0,1,0,0,1,0,0,0
1871,BS1,NA,barnero01,31,31,31,31,0,0,0,16,0,15,0,0,0,0,0,0,0
1871,FW1,NA,barrebi01,1,1,1,1,0,1,0,0,1,0,0,0,0,0,0,0,0
1871,BS1,NA,barrofr01,18,17,18,18,0,0,0,1,0,0,13,0,4,17,0,0,0
1871,CL1,NA,bassjo01,22,22,22,22,0,1,0,0,0,22,0,0,0,0,0,0,0
1871,CL1,NA,battijo01,1,1,1,1,0,0,0,0,0,0,0,0,1,1,0,0,0
1871,WS3,NA,bealsto01,10,10,10,10,0,0,0,2,0,0,4,0,4,8,0,0,0
1871,TRO,NA,beaveed01,3,3,3,3,0,0,0,3,0,0,0,0,0,0,0,0,0
1871,PH1,NA,bechtge01,20,19,20,20,3,0,0,0,3,0,1,3,11,15,0,0,0
1871,TRO,NA,bellast01,29,29,29,29,0,0,0,0,28,1,0,0,0,0,0,0,0
1871,PH1,NA,berkena01,1,1,1,1,0,0,0,0,0,0,0,0,1,1,0,0,0
1871,PH1,NA,berryto01,1,1,1,1,0,0,0,0,0,0,0,0,1,1,0,0,0
1871,WS3,NA,berthha01,17,17,17,17,0,1,0,5,0,0,11,1,0,12,0,0,0
1871,FW1,NA,biermch01,1,1,1,1,0,0,1,0,0,0,0,0,0,0,0,0,0
1871,RC1,NA,birdge01,25,25,25,25,0,0,0,0,0,0,1,25,0,25,0,0,0
1871,BS1,NA,birdsda01,29,29,29,29,0,7,0,0,0,0,0,0,27,27,0,0,0
1871,WS3,NA,brainas01,30,30,30,30,30,0,0,0,0,0,0,0,0,0,0,0,0
1871,CH1,NA,brannmi01,3,3,3,3,0,0,0,0,3,0,0,0,0,0,0,0,0
1871,WS3,NA,burrohe01,12,11,12,12,0,0,0,1,5,0,4,0,4,8,0,0,0
1871,FW1,NA,careyto01,19,19,19,19,0,0,0,19,0,0,0,0,0,0,0,0,0
1871,CL1,NA,carleji01,29,29,29,29,0,0,29,0,0,0,0,0,0,0,0,0,0
1871,BS1,NA,conefr01,19,18,19,19,0,0,0,0,0,0,18,0,1,19,0,0,0
1871,TRO,NA,connone01,7,7,7,7,0,0,4,0,0,0,0,0,3,3,0,0,0
1871,TRO,NA,cravebi01,27,27,27,27,0,3,2,18,0,4,0,0,1,1,0,0,0
1871,PH1,NA,cuthbne01,28,28,28,28,0,1,0,0,0,0,27,0,0,27,0,0,0
1871,FW1,NA,deaneha01,6,5,6,6,0,0,0,0,0,0,6,0,0,6,0,0,0
1871,FW1,NA,donnepe01,9,8,9,9,0,0,0,0,2,0,2,1,6,9,0,0,0
1871,CH1,NA,duffyed01,26,26,26,26,0,0,0,0,1,26,0,0,0,0,0,0,0
1871,NY2,NA,eggleda01,33,33,33,33,0,0,0,0,0,0,0,33,0,33,0,0,0
1871,CL1,NA,ewellge01,1,1,1,1,0,0,0,0,0,0,0,0,1,1,0,0,0
1871,NY2,NA,fergubo01,33,33,33,33,1,5,0,11,20,0,0,0,0,0,0,0,0
1871,RC1,NA,fishech01,25,25,25,25,24,0,2,1,0,0,0,0,0,0,0,0,0
1871,PH1,NA,fislewe01,28,28,28,28,0,0,26,2,0,0,0,0,0,0,0,0,0
1871,NY2,NA,fleetfr01,1,1,1,1,1,0,0,0,0,0,0,0,0,0,0,0,0
1871,TRO,NA,flowedi01,21,21,21,21,1,0,0,1,0,20,0,0,0,0,0,0,0
1871,TRO,NA,flynncl01,29,29,29,29,0,0,19,1,1,0,0,0,8,8,0,0,0
1871,CH1,NA,foleyto01,18,18,18,18,0,4,0,0,1,0,2,9,5,16,0,0,0
1871,FW1,NA,foranji01,19,19,19,19,0,0,16,0,0,0,3,1,0,4,0,0,0
1871,WS3,NA,forceda01,32,32,32,32,0,0,0,0,1,31,0,0,0,0,0,0,0
1871,RC1,NA,fulmech01,16,16,16,16,0,0,1,0,0,16,0,0,0,0,0,0,0
1871,WS3,NA,glennjo01,26,26,26,26,0,0,0,0,0,0,1,0,25,26,0,0,0
1871,FW1,NA,goldswa01,19,19,19,19,0,2,0,0,7,14,0,0,0,0,0,0,0
1871,BS1,NA,gouldch01,31,31,31,31,0,0,30,0,0,0,0,0,1,1,0,0,0
1871,WS3,NA,hallge01,32,32,32,32,0,0,0,0,0,0,1,31,0,32,0,0,0
1871,FW1,NA,halliji01,5,5,5,5,0,0,0,0,0,5,0,0,0,0,0,0,0
1871,RC1,NA,hamra01,25,25,25,25,0,0,0,0,7,2,19,0,0,19,0,0,0
1871,RC1,NA,hastisc01,25,25,25,25,0,23,1,2,0,0,2,1,0,2,0,0,0
1871,NY2,NA,hatfijo01,33,33,33,33,0,0,0,7,2,0,24,0,0,24,0,0,0
1871,PH1,NA,heubege01,17,17,17,17,0,0,1,0,0,0,0,0,16,16,0,0,0
1871,NY2,NA,highadi01,21,21,21,21,0,1,0,12,0,0,0,0,8,8,0,0,0
1871,CH1,NA,hodesch01,28,28,28,28,0,20,0,0,10,1,0,3,1,4,0,0,0
1871,BS1,NA,jackssa01,16,15,16,16,0,0,0,14,0,1,0,1,0,1,0,0,0
1871,CL1,NA,johnsca01,16,16,16,16,0,0,0,10,0,0,0,0,6,6,0,0,0
1871,FW1,NA,kellybi01,18,17,18,18,0,0,0,0,0,0,1,4,14,18,0,0,0
1871,CL1,NA,kimbage01,29,29,29,29,0,0,0,17,2,6,2,1,7,9,0,0,0
1871,CH1,NA,kingma01,20,20,20,20,0,9,0,0,1,3,1,10,0,11,0,0,0
1871,TRO,NA,kingst01,29,29,29,29,0,0,0,0,0,0,29,0,0,29,0,0,0
1871,FW1,NA,kohlehe01,3,3,3,3,0,2,2,0,1,0,0,0,0,0,0,0,0
1871,FW1,NA,lennobi01,12,12,12,12,0,12,0,0,0,2,0,0,1,1,0,0,0
1871,WS3,NA,leonaan01,31,31,31,31,0,0,0,19,0,1,11,0,0,11,0,0,0
1871,RC1,NA,mackde01,25,25,25,25,3,0,24,0,0,1,1,0,0,1,0,0,0
1871,PH1,NA,malonfe01,27,27,27,27,0,27,0,0,0,0,0,0,0,0,0,0,0
1871,FW1,NA,mathebo01,19,19,19,19,19,0,0,0,0,0,0,0,0,0,0,0,0
1871,CH1,NA,mcatebu01,26,26,26,26,0,0,26,0,0,0,0,0,0,0,0,0,0
1871,PH1,NA,mcbridi01,25,25,25,25,25,0,0,0,0,0,0,0,0,0,0,0,0
1871,FW1,NA,mcderjo01,2,2,2,2,0,0,0,0,0,0,0,2,0,2,0,0,0
1871,TRO,NA,mcgeami01,29,29,29,29,0,26,0,0,0,3,0,0,0,0,0,0,0
1871,TRO,NA,mcmuljo01,29,29,29,29,29,0,0,0,0,1,0,0,0,0,0,0,0
1871,BS1,NA,mcveyca01,29,29,29,29,0,29,0,0,1,0,0,0,5,5,0,0,0
1871,PH1,NA,meyerle01,26,26,26,26,1,0,0,0,26,0,0,0,0,0,0,0,0
1871,NY2,NA,millsch01,32,32,32,32,0,29,0,0,1,0,0,0,4,4,0,0,0
1871,WS3,NA,millsev01,32,32,32,32,0,0,32,0,0,0,0,0,0,0,0,0,0
1871,FW1,NA,minched01,9,9,9,9,0,0,0,0,0,0,9,0,0,9,0,0,0
1871,WS3,NA,nortofr01,1,0,1,1,0,0,0,0,1,0,0,0,1,1,0,0,0
1871,CL1,NA,paborch01,29,29,29,29,7,0,0,0,0,0,28,0,0,28,0,0,0
1871,NY2,NA,patteda01,32,32,32,32,0,0,0,2,0,0,9,0,22,31,0,0,0
1871,NY2,NA,pearcdi01,33,33,33,33,0,0,0,0,0,33,0,0,0,0,0,0,0
1871,FW1,NA,phelpne01,1,1,1,1,0,0,1,0,0,0,0,0,0,0,0,0,0
1871,TRO,NA,pikeli01,28,28,28,28,0,0,4,7,0,0,0,0,18,18,0,0,0
1871,CH1,NA,pinkhed01,24,24,24,24,3,0,0,0,18,0,0,0,8,8,0,0,0
1871,CL1,NA,prattal01,29,29,29,29,28,0,0,0,0,0,5,0,2,7,0,0,0
1871,PH1,NA,prattto01,1,1,1,1,0,0,1,0,0,0,0,0,0,0,0,0,0
1871,CL1,NA,questjo01,3,3,3,3,0,0,0,2,0,1,0,0,0,0,0,0,0
1871,FW1,NA,quinnpa02,5,5,5,5,0,5,0,0,0,0,0,0,0,0,0,0,0
1871,PH1,NA,radcljo01,28,28,28,28,0,0,0,0,0,28,0,0,0,0,0,0,0
1871,PH1,NA,reachal01,26,26,26,26,0,0,0,26,0,0,0,0,0,0,0,0,0
1871,RC1,NA,sagerpo01,8,8,8,8,0,0,0,0,0,5,4,0,0,4,0,0,0
1871,BS1,NA,schafha01,31,31,31,31,0,0,0,0,31,0,0,0,0,0,0,0,0
1871,FW1,NA,selmafr01,14,14,14,14,0,5,0,0,14,2,0,0,0,0,0,0,0
1871,PH1,NA,senseco01,25,25,25,25,0,0,0,0,0,0,0,25,0,25,0,0,0
1871,CH1,NA,simmojo01,27,26,27,27,0,0,2,0,0,0,0,10,16,25,0,0,0
1871,NY2,NA,smithch01,14,14,14,14,0,0,0,3,12,0,0,0,0,0,0,0,0
1871,BS1,NA,spaldal01,31,31,31,31,31,0,0,0,0,0,0,9,0,9,0,0,0
1871,NY2,NA,startjo01,33,33,33,33,0,0,33,0,0,0,0,0,0,0,0,0,0
1871,WS3,NA,stearbi01,2,2,2,2,2,0,0,0,0,0,0,0,0,0,0,0,0
1871,RC1,NA,stirega01,25,25,25,25,0,0,0,0,0,0,0,0,25,25,0,0,0
1871,CL1,NA,suttoez01,29,29,29,29,0,1,0,0,29,0,0,1,1,2,0,0,0
1871,WS3,NA,sweasch01,5,5,5,5,0,0,0,5,0,0,0,0,0,0,0,0,0
1871,CH1,NA,treacfr01,25,25,25,25,0,0,0,0,0,0,25,0,0,25,0,0,0
1871,WS3,NA,waterfr01,32,32,32,32,0,6,0,0,28,0,0,0,0,0,0,0,0
1871,CL1,NA,whitede01,29,29,29,29,0,29,0,1,1,2,0,0,1,1,0,0,0
1871,CL1,NA,whiteel01,15,15,15,15,0,3,0,0,0,0,0,0,15,15,0,0,0
1871,WS3,NA,whitewa01,1,1,1,1,0,0,0,1,0,0,0,0,0,0,0,0,0
1871,NY2,NA,woltery01,32,32,32,32,32,0,0,0,1,0,0,0,0,0,0,0,0
1871,CH1,NA,woodji01,28,28,28,28,0,0,0,28,0,0,0,0,0,0,0,0,0
1871,BS1,NA,wrighge01,16,16,16,16,0,0,1,0,0,15,0,0,0,0,0,0,0
1871,BS1,NA,wrighha01,31,31,31,31,9,0,0,0,0,1,0,30,0,30,0,0,0
1871,TRO,NA,yorkto01,29,29,29,29,0,0,0,0,0,0,0,29,0,29,0,0,0
1871,CH1,NA,zettlge01,28,28,28,28,28,0,0,0,0,0,0,0,3,3,0,0,0
1872,MID,NA,allenha01,16,16,16,16,0,0,0,0,0,8,4,3,2,9,0,0,0
1872,BR1,NA,allisan01,19,19,19,19,0,0,19,0,0,0,0,0,1,1,0,0,0
1872,CL1,NA,allisar01,19,18,19,19,0,0,0,0,0,0,0,17,2,19,0,0,0
1872,BR1,NA,allisbi01,5,5,5,5,0,0,2,1,0,0,0,1,1,2,0,0,0
1872,BR1,NA,allisdo01,16,16,16,16,0,16,0,0,0,0,0,0,0,0,0,0,0
1872,TRO,NA,allisdo01,23,23,23,23,0,22,0,0,0,1,0,0,0,0,0,0,0
1872,PH1,NA,ansonca01,46,46,46,46,0,0,0,0,46,0,0,0,0,0,0,0,0
1872,MID,NA,arnolbi01,2,2,2,2,0,0,0,0,0,0,0,0,2,2,0,0,0
1872,BR2,NA,barloto01,36,36,36,36,0,35,0,0,1,4,0,0,0,0,0,0,0
1872,BS1,NA,barnero01,45,45,45,45,0,0,0,45,0,0,0,0,0,0,0,0,0
1872,BR2,NA,barre01,7,7,7,7,0,0,0,0,0,0,7,0,0,7,0,0,0
1872,WS3,NA,barrebi01,1,0,1,1,0,1,0,0,0,0,0,0,0,0,0,0,0
1872,BR2,NA,bassjo01,2,2,2,2,0,0,0,0,0,0,0,0,2,2,0,0,0
1872,WS3,NA,bealsto01,9,9,9,9,0,0,0,5,0,2,0,2,0,2,0,0,0
1872,BR2,NA,beaveed01,10,10,10,10,0,0,0,10,0,1,1,0,0,1,0,0,0
1872,NY2,NA,bechtge01,50,50,50,50,0,0,1,0,0,0,13,0,36,49,0,0,0
1872,TRO,NA,bellast01,23,23,23,23,0,0,0,0,8,9,0,6,0,6,0,0,0
1872,MID,NA,bentlcy01,20,20,20,20,16,0,0,0,0,0,0,0,6,6,0,0,0
1872,BR1,NA,besti01,3,3,3,3,0,3,0,0,0,0,0,0,0,0,0,0,0
1872,WS4,NA,bielaos01,9,9,9,9,0,0,0,0,0,0,0,0,9,9,0,0,0
1872,BS1,NA,birdsda01,16,13,16,16,0,12,0,0,0,0,4,0,4,8,0,0,0
1872,BR2,NA,boothed01,14,14,14,14,0,0,0,1,0,0,6,0,7,13,0,0,0
1872,MID,NA,boothed01,21,21,21,21,0,0,0,17,0,0,0,3,1,4,0,0,0
1872,NY2,NA,boydbi01,35,35,35,35,0,0,0,0,34,0,0,0,1,1,0,0,0
1872,MID,NA,brainas01,6,6,6,6,2,0,0,4,0,0,0,0,1,1,0,0,0
1872,WS3,NA,brainas01,9,9,9,9,9,0,0,0,0,0,0,0,0,0,0,0,0
1872,BR2,NA,brittji01,36,36,36,36,36,0,0,0,0,0,0,0,0,0,0,0,0
1872,BR2,NA,brownol01,4,4,4,4,0,0,0,0,0,0,0,0,4,4,0,0,0
1872,BR2,NA,burdoja01,36,36,36,36,0,4,0,2,0,35,0,0,0,0,0,0,0
1872,WS3,NA,burrohe01,2,2,2,2,0,0,0,0,0,0,0,2,0,2,0,0,0
1872,MID,NA,buttefr01,15,15,15,15,5,0,0,0,5,0,0,0,6,6,0,0,0
1872,BL1,NA,careyto01,41,40,41,41,0,0,1,28,3,9,0,0,3,3,0,0,0
1872,CL1,NA,carleji01,7,7,7,7,0,0,7,0,0,0,0,0,0,0,0,0,0
1872,MID,NA,clappjo01,16,16,16,16,0,16,0,0,0,2,0,1,0,1,0,0,0
1872,BR2,NA,clarede01,2,2,2,2,0,0,0,2,0,1,0,0,0,0,0,0,0
1872,BR1,NA,clintji01,22,21,22,22,0,2,0,3,10,2,0,7,1,8,0,0,0
1872,WS4,NA,coughde01,7,7,7,7,0,0,1,1,0,1,0,4,0,4,0,0,0
1872,BL1,NA,cravebi01,35,35,35,35,0,27,0,4,2,0,0,0,4,4,0,0,0
1872,NY2,NA,cummica01,54,54,54,54,54,0,0,0,0,0,1,0,1,2,0,0,0
1872,PH1,NA,cuthbne01,47,47,47,47,0,0,0,0,0,0,47,0,0,47,0,0,0
1872,BR2,NA,dehlmhe01,36,36,36,36,0,0,36,0,0,0,0,0,0,0,0,0,0
1872,BR2,NA,doschhe01,6,6,6,6,0,0,0,0,0,0,0,0,6,6,0,0,0
1872,WS4,NA,doylejo01,8,8,8,8,0,0,0,1,0,7,0,0,0,0,0,0,0
1872,NY2,NA,eggleda01,55,55,55,55,0,0,0,0,0,0,1,54,0,55,0,0,0
1872,BR2,NA,fergubo01,36,36,36,36,0,1,0,0,36,0,0,0,0,0,0,0,0
1872,MID,NA,fieldge01,15,15,15,15,0,0,0,0,9,1,1,0,4,5,0,0,0
1872,BL1,NA,fishech01,45,45,45,45,19,0,0,0,17,0,0,3,17,19,0,0,0
1872,PH1,NA,fislewe01,47,47,47,47,0,0,0,47,0,0,0,0,0,0,0,0,0
1872,BR1,NA,fleetfr01,12,12,12,12,0,0,0,2,9,0,0,1,1,2,0,0,0
1872,BR1,NA,fletcge01,1,1,1,1,0,0,0,0,0,0,0,0,1,1,0,0,0
1872,PH1,NA,flowedi01,3,3,3,3,0,0,0,0,0,3,0,0,0,0,0,0,0
1872,WS3,NA,flynncl01,9,9,9,9,0,0,9,0,0,0,0,0,0,0,0,0,0
1872,BL1,NA,forceda01,19,19,19,19,0,0,0,0,19,0,0,0,0,0,0,0,0
1872,TRO,NA,forceda01,25,25,25,25,0,0,0,0,16,9,0,0,0,0,0,0,0
1872,NY2,NA,fulmech01,35,35,35,35,0,0,0,0,21,14,0,0,0,0,0,0,0
1872,BR2,NA,galvijo01,1,1,1,1,0,0,0,1,0,0,0,0,0,0,0,0,0
1872,BR1,NA,gedneco01,16,16,16,16,0,0,0,0,0,0,16,0,0,16,0,0,0
1872,TRO,NA,gedneco01,9,9,9,9,0,0,0,0,0,0,0,9,0,9,0,0,0
1872,WS3,NA,glennjo01,9,9,9,9,0,0,0,0,0,0,9,0,0,9,0,0,0
1872,WS4,NA,glennjo01,1,1,1,1,0,0,0,0,0,0,0,1,0,1,0,0,0
1872,WS3,NA,goldswa01,9,9,9,9,0,0,0,4,0,5,0,0,0,0,0,0,0
1872,BS1,NA,gouldch01,45,45,45,45,0,0,44,0,0,0,0,0,2,2,0,0,0
1872,BL1,NA,hallge01,52,52,52,52,0,0,1,0,0,0,3,50,0,51,0,0,0
1872,BR2,NA,hallji01,13,13,13,13,0,0,0,13,0,0,0,0,0,0,0,0,0
1872,BL1,NA,hastisc01,13,12,13,13,0,12,0,2,0,0,0,1,0,1,0,0,0
1872,CL1,NA,hastisc01,22,22,22,22,0,12,0,6,0,0,0,3,5,8,0,0,0
1872,NY2,NA,hatfijo01,55,55,55,55,0,0,0,55,0,0,0,0,0,0,0,0,0
1872,WS3,NA,heubege01,5,5,5,5,0,0,0,0,0,0,0,5,0,5,0,0,0
1872,NY2,NA,hicksna01,55,55,55,55,0,53,0,0,0,0,0,0,3,3,0,0,0
1872,BR2,NA,higby01,1,1,1,1,0,0,0,0,0,0,0,0,1,1,0,0,0
1872,BL1,NA,highadi01,49,47,49,49,0,24,1,5,2,0,0,2,22,24,0,0,0
1872,WS4,NA,hinespa01,10,10,10,10,0,1,8,0,2,0,0,0,0,0,0,0,0
1872,TRO,NA,hodesch01,13,13,13,13,0,3,0,0,1,5,0,4,0,4,0,0,0
1872,BR1,NA,holdsji01,2,2,2,2,0,0,0,0,0,2,0,0,0,0,0,0,0
1872,CL1,NA,holdsji01,22,22,22,22,0,0,0,0,0,22,0,0,0,0,0,0,0
1872,WS4,NA,holliho01,8,8,8,8,0,0,0,8,0,0,0,0,0,0,0,0,0
1872,BR1,NA,huntdi01,10,10,10,10,0,0,0,2,0,0,0,0,8,8,0,0,0
1872,WS3,NA,hurledi01,2,2,2,2,0,0,0,0,0,0,0,0,2,2,0,0,0
1872,BR2,NA,jackssa01,4,3,4,4,0,0,0,1,1,0,3,0,0,3,0,0,0
1872,BR1,NA,jewetna01,2,2,2,2,0,2,0,0,0,0,0,0,0,0,0,0,0
1872,BR1,NA,kavan01,5,5,5,5,0,0,4,0,0,0,0,0,2,2,0,0,0
1872,BR2,NA,kennejo01,5,5,5,5,0,0,0,3,0,0,2,0,1,3,0,0,0
1872,TRO,NA,kingma01,3,3,3,3,0,0,0,0,0,0,0,3,0,3,0,0,0
1872,TRO,NA,kingst01,25,25,25,25,0,0,0,0,0,0,25,0,0,25,0,0,0
1872,WS4,NA,lennobi01,10,10,10,10,0,10,1,0,0,0,0,0,0,0,0,0,0
1872,BS1,NA,leonaan01,46,46,46,46,0,0,0,4,6,1,38,0,0,38,0,0,0
1872,BR1,NA,leutz01,4,4,4,4,0,4,0,0,0,0,0,0,0,0,0,0,0
1872,BR2,NA,lowech01,6,6,6,6,0,0,0,6,0,0,0,0,0,0,0,0,0
1872,PH1,NA,mackde01,47,47,47,47,0,0,26,0,0,21,0,0,0,0,0,0,0
1872,PH1,NA,malonfe01,41,41,41,41,0,24,17,0,0,0,0,0,0,0,0,0,0
1872,BR1,NA,malonma01,4,4,4,4,2,0,0,0,0,0,0,0,2,2,0,0,0
1872,BR1,NA,martial01,4,4,4,4,0,0,0,4,0,0,0,0,0,0,0,0,0
1872,BR1,NA,martiph01,16,16,16,16,8,0,0,0,0,0,0,0,9,9,0,0,0
1872,TRO,NA,martiph01,25,25,25,25,8,0,0,0,0,0,0,0,25,25,0,0,0
1872,BL1,NA,mathebo01,49,49,49,49,48,0,0,0,3,0,0,0,8,8,0,0,0
1872,TRO,NA,mcatebu01,25,25,25,25,0,0,25,0,0,0,0,0,0,0,0,0,0
1872,PH1,NA,mcbridi01,47,47,47,47,47,0,0,0,0,0,0,0,0,0,0,0,0
1872,MID,NA,mccarfr01,16,16,16,16,0,0,0,0,0,0,0,15,1,16,0,0,0
1872,BR1,NA,mcderjo01,7,7,7,7,7,0,0,0,0,0,0,0,0,0,0,0,0
1872,BR1,NA,mcdonja01,1,1,1,1,0,0,0,0,0,1,0,0,0,0,0,0,0
1872,BR2,NA,mcdonja01,15,15,15,15,0,0,0,0,0,0,1,0,14,15,0,0,0
1872,PH1,NA,mcgeami01,47,47,47,47,0,23,0,0,0,23,0,0,1,1,0,0,0
1872,NY2,NA,mcmuljo01,53,53,53,53,3,0,0,0,0,0,40,1,11,52,0,0,0
1872,BS1,NA,mcveyca01,46,46,46,46,0,40,0,0,1,0,2,0,9,11,0,0,0
1872,PH1,NA,meyerle01,27,27,27,27,0,0,0,0,1,0,0,0,26,26,0,0,0
1872,WS4,NA,millejo01,1,1,1,1,0,0,1,0,0,0,0,0,0,0,0,0,0
1872,NY2,NA,millsch01,6,6,6,6,0,3,0,0,0,0,0,0,4,4,0,0,0
1872,BL1,NA,millsev01,54,54,54,54,0,0,54,0,0,0,0,0,0,0,0,0,0
1872,WS4,NA,minched01,10,10,10,10,0,0,0,0,0,0,10,0,0,10,0,0,0
1872,CL1,NA,mulle01,1,0,1,1,0,0,0,0,0,0,0,0,1,1,0,0,0
1872,MID,NA,murnati01,21,21,21,21,0,0,21,0,0,0,0,0,0,0,0,0,0
1872,BR1,NA,nelsoca01,16,16,16,16,0,0,0,7,3,0,0,8,0,8,0,0,0
1872,TRO,NA,nelsoca01,4,4,4,4,0,0,0,0,0,1,0,3,0,3,0,0,0
1872,BR1,NA,orour01,1,1,1,1,1,0,0,0,0,0,0,0,0,0,0,0,0
1872,MID,NA,orourji01,20,20,20,20,0,8,0,0,2,13,0,0,0,0,0,0,0
1872,CL1,NA,paborch01,21,21,21,21,2,0,0,0,0,0,19,0,0,19,0,0,0
1872,BR1,NA,patteda01,10,10,10,10,0,0,1,0,0,0,2,7,0,9,0,0,0
1872,NY2,NA,pearcdi01,43,43,43,43,0,0,0,0,0,41,1,0,1,2,0,0,0
1872,BL1,NA,pikeli01,55,55,55,55,0,0,0,24,9,0,6,5,15,24,0,0,0
1872,CL1,NA,prattal01,16,16,16,16,15,0,0,0,0,0,0,0,7,7,0,0,0
1872,BL1,NA,radcljo01,55,55,55,55,0,0,0,1,6,49,0,0,0,0,0,0,0
1872,PH1,NA,reachal01,24,23,24,24,0,0,4,0,0,0,0,0,20,20,0,0,0
1872,WS3,NA,reachbo01,2,2,2,2,0,0,0,0,0,2,0,0,0,0,0,0,0
1872,BR2,NA,remseja01,36,36,36,36,0,0,0,0,0,0,0,36,0,36,0,0,0
1872,WS3,NA,robinva01,7,7,7,7,0,0,0,0,0,0,0,0,7,7,0,0,0
1872,BS1,NA,rogerfr01,45,45,45,45,0,0,6,0,0,0,4,0,38,41,0,0,0
1872,BS1,NA,schafha01,48,48,48,48,0,2,0,0,43,0,5,0,0,5,0,0,0
1872,WS3,NA,selmafr01,9,9,9,9,0,7,0,0,2,0,0,0,0,0,0,0,0
1872,PH1,NA,senseco01,1,1,1,1,0,0,0,0,0,0,0,0,1,1,0,0,0
1872,CL1,NA,simmojo01,18,18,18,18,0,0,15,0,0,0,1,0,2,3,0,0,0
1872,BR1,NA,snydeji01,23,23,23,23,0,1,0,0,0,22,0,0,1,1,0,0,0
1872,BR1,NA,snydejo01,8,8,8,8,0,0,0,0,0,0,8,0,0,8,0,0,0
1872,BS1,NA,spaldal01,48,48,48,48,48,0,0,0,0,0,0,7,0,7,0,0,0
1872,WS4,NA,spenc01,1,1,1,1,0,0,0,0,0,1,0,0,0,0,0,0,0
1872,NY2,NA,startjo01,54,54,54,54,0,0,54,0,0,0,0,0,0,0,0,0,0
1872,WS4,NA,stearbi01,10,10,10,10,10,0,0,0,0,0,0,0,0,0,0,0,0
1872,WS4,NA,studlse01,5,5,5,5,0,0,0,0,0,0,0,5,0,5,0,0,0
1872,CL1,NA,suttoez01,22,22,22,22,0,0,0,0,22,0,0,0,0,0,0,0,0
1872,BR1,NA,swandma01,12,12,12,12,0,0,1,1,6,0,0,4,0,4,0,0,0
1872,CL1,NA,sweasch01,12,12,12,12,0,0,0,11,0,0,0,0,1,1,0,0,0
1872,BR2,NA,thakeal01,18,18,18,18,0,0,0,1,0,0,18,0,0,18,0,0,0
1872,MID,NA,tippeji01,21,21,21,21,0,0,0,0,5,0,16,0,0,16,0,0,0
1872,PH1,NA,treacfr01,47,47,47,47,0,0,0,0,0,0,0,47,0,47,0,0,0
1872,WS3,NA,waterfr01,9,9,9,9,0,2,0,0,7,0,0,0,0,0,0,0,0
1872,CL1,NA,whitede01,22,22,22,22,0,14,0,7,0,0,2,1,3,5,0,0,0
1872,WS4,NA,whitewa01,9,9,9,9,0,0,0,0,8,1,0,0,0,0,0,0,0
1872,CL1,NA,woltery01,16,16,16,16,12,0,0,0,0,0,0,0,11,11,0,0,0
1872,BR1,NA,woodji01,7,7,7,7,0,0,0,7,0,0,0,0,0,0,0,0,0
1872,TRO,NA,woodji01,25,25,25,25,0,0,0,25,0,0,0,0,0,0,0,0,0
1872,BR2,NA,worthhe01,1,1,1,1,0,0,0,0,0,0,0,0,1,1,0,0,0
1872,BS1,NA,wrighge01,48,48,48,48,0,0,0,0,0,48,0,0,0,0,0,0,0
1872,BS1,NA,wrighha01,48,48,48,48,7,0,0,0,0,0,0,48,0,48,0,0,0
1872,WS4,NA,yeatmbi01,1,1,1,1,0,0,0,0,0,0,0,0,1,1,0,0,0
1872,BL1,NA,yorkto01,50,50,50,50,0,0,0,0,0,0,50,0,1,50,0,0,0
1872,BR1,NA,zettlge01,9,9,9,9,9,0,0,0,0,0,0,0,1,1,0,0,0
1872,TRO,NA,zettlge01,25,25,25,25,25,0,0,0,0,0,0,0,8,8,0,0,0
1873,BS1,NA,addybo01,31,,31,,0,0,0,0,0,0,0,0,31,31,0,,
1873,PH2,NA,addybo01,10,,10,,0,0,0,10,0,0,0,0,0,0,0,,
1873,ELI,NA,allisar01,23,,23,,0,1,3,0,0,0,8,9,4,21,0,,
1873,ELI,NA,allisdo01,19,,19,,0,18,0,0,0,0,0,1,3,4,0,,
1873,NY2,NA,allisdo01,11,,11,,0,11,0,0,0,0,0,0,1,1,0,,
1873,PH1,NA,ansonca01,52,,52,,0,3,36,3,11,0,0,3,0,3,0,,
1873,WS5,NA,atkined01,2,,2,,0,0,0,0,0,0,0,0,2,2,0,,
1873,ELI,NA,austihe01,23,,23,,0,0,0,0,0,0,0,14,9,23,0,,
1873,BR2,NA,barloto01,55,,55,,0,55,0,1,0,1,0,0,0,0,0,,
1873,BS1,NA,barnero01,60,,60,,0,0,0,47,13,0,0,0,0,0,0,,
1873,BL1,NA,barrebi01,1,,1,,0,0,0,0,0,1,0,0,1,1,0,,
1873,PH1,NA,battijo01,1,,1,,0,0,0,0,0,0,0,1,0,1,0,,
1873,WS5,NA,bealsto01,37,,37,,0,13,0,26,0,0,1,0,0,1,0,,
1873,PH2,NA,bechtge01,53,,53,,3,0,0,0,0,0,0,2,50,52,0,,
1873,NY2,NA,bellast01,8,,8,,0,0,0,3,7,0,0,0,0,0,0,,
1873,WS5,NA,bielaos01,38,,38,,0,0,0,0,0,0,2,0,36,38,0,,
1873,BS1,NA,birdsda01,3,,3,,0,0,0,0,0,0,1,0,3,3,0,,
1873,BR2,NA,boothed01,16,,16,,0,0,0,0,0,0,0,4,12,16,0,,
1873,ELI,NA,boothed01,18,,18,,0,0,0,1,0,0,15,0,2,17,0,,
1873,BR2,NA,boydbi01,48,,48,,0,0,0,0,8,0,0,0,43,43,0,,
1873,BL1,NA,brainas01,16,,16,,14,0,0,1,0,0,0,0,2,2,0,,
1873,BR2,NA,brittji01,54,,54,,54,0,0,0,0,0,0,0,3,3,0,,
1873,BR2,NA,burdoja01,55,,55,,0,2,0,55,0,0,0,0,0,0,0,,
1873,ELI,NA,campbhu01,20,,20,,19,0,0,1,0,1,0,0,1,1,0,,
1873,ELI,NA,campbmi02,21,,21,,0,0,18,0,0,3,0,0,1,1,0,,
1873,BL1,NA,careyto01,56,,56,,0,0,0,54,4,3,0,0,0,0,0,,
1873,PH1,NA,clappjo01,45,,45,,0,43,0,1,0,6,0,1,0,1,0,,
1873,ELI,NA,clintji01,9,,9,,0,0,0,0,9,0,0,0,0,0,0,,
1873,ELI,NA,cranefr01,1,,1,,0,0,0,1,0,0,0,0,0,0,0,,
1873,BL1,NA,cravebi01,41,,41,,0,22,3,0,0,15,0,7,0,7,0,,
1873,BL1,NA,cummica01,42,,42,,42,0,0,0,0,0,0,0,0,0,0,,
1873,PH2,NA,cuthbne01,51,,51,,0,0,0,0,0,0,51,0,0,51,0,,
1873,BR2,NA,dehlmhe01,54,,54,,0,0,54,0,0,1,0,0,0,0,0,,
1873,PH2,NA,devliji01,23,,23,,0,0,12,0,6,4,0,0,2,2,0,,
1873,WS5,NA,donnejo01,30,,30,,0,0,0,12,1,13,0,6,0,6,0,,
1873,BR2,NA,doschhe01,1,,1,,0,0,0,0,0,0,0,1,0,1,0,,
1873,NY2,NA,eggleda01,53,,53,,0,0,0,0,1,0,0,53,0,53,0,,
1873,BL4,NA,eland01,1,,1,,0,0,0,0,0,0,0,0,1,1,0,,
1873,ELI,NA,farrojo01,12,,12,,0,9,1,0,0,1,0,0,4,4,0,,
1873,BR2,NA,fergubo01,51,,51,,4,0,0,0,50,0,0,0,0,0,0,,
1873,PH1,NA,fishech01,51,,51,,13,0,1,3,0,0,1,2,43,46,0,,
1873,PH1,NA,fislewe01,44,,44,,0,0,10,36,0,0,0,0,0,0,0,,
1873,ELI,NA,fleetfr01,22,,22,,3,0,1,8,3,9,0,0,0,0,0,,
1873,BL1,NA,forceda01,49,,49,,3,0,0,0,34,17,0,0,0,0,0,,
1873,BL4,NA,frencbi01,5,,5,,1,0,2,0,1,0,0,0,2,2,0,,
1873,PH2,NA,fulmech01,49,,49,,2,1,1,0,0,49,0,0,0,0,0,,
1873,NY2,NA,gedneco01,53,,53,,0,0,0,0,0,0,53,0,0,53,0,,
1873,WS5,NA,gerhajo01,13,,13,,0,0,0,0,0,13,0,0,0,0,0,,
1873,WS5,NA,glennjo01,39,,39,,0,0,39,0,0,0,0,0,0,0,0,,
1873,BL4,NA,goldswa01,1,,1,,0,0,0,1,0,0,0,0,0,0,0,,
1873,WS5,NA,greasjo01,7,,7,,7,0,0,0,0,0,0,0,0,0,0,,
1873,BL1,NA,hallge01,35,,35,,0,0,0,0,0,0,0,35,0,35,0,,
1873,BL1,NA,hastisc01,30,,30,,0,19,0,1,0,0,0,12,0,12,0,,
1873,NY2,NA,hatfijo01,52,,52,,0,0,0,12,45,0,0,0,1,1,0,,
1873,NY2,NA,hicksna01,28,,28,,0,28,0,0,0,0,0,0,0,0,0,,
1873,NY2,NA,highadi01,49,,49,,0,17,0,18,0,0,0,1,18,19,0,,
1873,WS5,NA,hinespa01,39,,39,,0,1,0,2,0,0,36,0,0,36,0,,
1873,NY2,NA,holdsji01,53,,53,,0,0,0,0,0,53,0,0,0,0,0,,
1873,WS5,NA,holliho01,30,,30,,0,0,0,2,0,0,0,30,0,30,0,,
1873,BL4,NA,hoopemi01,3,,3,,0,1,0,0,0,0,2,0,0,2,0,,
1873,BL4,NA,johnsto01,1,,1,,0,0,0,0,0,0,1,0,0,1,0,,
1873,BL4,NA,jones01,1,,1,,0,0,0,0,0,0,0,1,0,1,0,,
1873,BL4,NA,kernajo01,2,,2,,0,0,0,1,0,0,0,1,0,1,0,,
1873,BR2,NA,kesslhe01,1,,1,,0,0,1,0,0,0,0,0,0,0,0,,
1873,BL4,NA,kohlehe01,6,,6,,0,1,1,0,6,0,0,1,0,1,0,,
1873,ELI,NA,laughbe01,12,,12,,0,0,0,12,0,0,0,0,0,0,0,,
1873,BL4,NA,lennobi01,5,,5,,0,1,4,0,1,0,0,0,0,0,0,,
1873,BS1,NA,leonaan01,58,,58,,0,0,2,12,0,1,45,0,1,45,0,,
1873,ELI,NA,lovetle01,1,,1,,1,0,0,0,0,0,0,0,0,0,0,,
1873,PH2,NA,mackde01,48,,48,,0,0,42,1,0,3,1,1,3,5,0,,
1873,PH2,NA,malonfe01,53,,53,,0,53,0,0,0,1,0,0,0,0,0,,
1873,BS1,NA,mannija01,31,,31,,0,0,28,0,0,0,2,0,5,7,0,,
1873,NY2,NA,martiph01,31,,31,,6,0,0,0,0,0,0,0,30,30,0,,
1873,NY2,NA,mathebo01,52,,52,,52,0,0,0,0,0,0,0,5,5,0,,
1873,PH1,NA,mcbridi01,49,,49,,46,0,0,0,0,0,0,0,11,11,0,,
1873,BL4,NA,mcdoo01,1,,1,,1,0,0,0,0,0,0,0,0,0,0,,
1873,PH1,NA,mcgeami01,52,,52,,0,14,0,0,1,43,0,0,0,0,0,,
1873,PH1,NA,mcmuljo01,52,,52,,1,0,0,0,0,0,51,0,0,51,0,,
1873,BL1,NA,mcveyca01,38,,38,,0,25,3,4,2,5,1,4,1,6,0,,
1873,PH2,NA,meyerle01,48,,48,,0,0,0,0,48,1,0,0,0,0,0,,
1873,BL1,NA,millsev01,54,,54,,0,0,53,0,0,0,0,1,0,1,0,,
1873,PH1,NA,murnati01,41,,41,,0,0,10,6,0,0,0,24,6,30,0,,
1873,NY2,NA,nelsoca01,36,,36,,0,1,1,27,6,0,0,0,6,6,0,,
1873,ELI,NA,nevinal01,13,,13,,0,0,0,1,12,0,0,0,1,1,0,,
1873,BS1,NA,orourji01,57,,57,,0,12,34,0,0,0,0,0,21,21,0,,
1873,BR2,NA,paborch01,55,,55,,0,0,0,0,0,0,55,0,0,55,0,,
1873,BR2,NA,pearcdi01,55,,55,,0,0,1,1,0,55,0,0,0,0,0,,
1873,NY2,NA,phelpne01,1,,1,,0,0,1,0,0,0,0,0,1,1,0,,
1873,BL1,NA,pikeli01,56,,56,,0,0,0,2,0,0,0,2,54,56,0,,
1873,BL4,NA,popplge01,1,,1,,0,0,0,0,1,0,0,1,0,1,0,,
1873,BL1,NA,radcljo01,45,,45,,0,0,0,1,24,23,0,0,0,0,0,,
1873,PH1,NA,reachal01,16,,16,,0,0,0,8,0,0,0,5,3,8,0,,
1873,WS5,NA,reachbo01,1,,1,,0,0,0,0,0,1,0,0,0,0,0,,
1873,BR2,NA,remseja01,50,,50,,0,0,0,0,0,0,0,50,0,50,0,,
1873,BS1,NA,rogerfr01,2,,2,,0,0,2,0,0,0,0,0,0,0,0,,
1873,PH2,NA,ryanjo01,2,,2,,0,0,1,0,0,0,0,1,0,1,0,,
1873,BL4,NA,saylo01,3,,3,,0,0,0,0,0,2,0,0,1,1,0,,
1873,BS1,NA,schafha01,60,,60,,0,0,0,0,47,0,13,0,0,13,0,,
1873,BL4,NA,selmafr01,1,,1,,1,0,0,0,0,0,0,0,0,0,0,,
1873,PH1,NA,senseco01,20,,20,,0,0,1,0,0,0,0,19,0,19,0,,
1873,BL4,NA,sheppjo01,3,,3,,0,1,0,0,0,0,1,0,1,2,0,,
1873,BL4,NA,simpsma01,4,,4,,0,1,0,3,0,0,0,0,0,0,0,,
1873,BL4,NA,smithbi01,6,,6,,0,2,0,1,0,0,0,3,0,3,0,,
1873,BL4,NA,smithjo01,5,,5,,0,0,0,0,0,3,2,0,0,2,0,,
1873,WS5,NA,snydepo01,28,,28,,0,28,0,0,0,0,0,3,0,3,0,,
1873,BS1,NA,spaldal01,60,,60,,60,0,0,0,0,0,0,14,0,14,0,,
1873,NY2,NA,startjo01,53,,53,,0,0,53,0,0,0,0,0,2,2,0,,
1873,WS5,NA,stearbi01,32,,32,,32,0,0,0,0,0,0,0,0,0,0,,
1873,BL4,NA,strated01,4,,4,,3,0,0,0,0,0,0,0,1,1,0,,
1873,PH1,NA,suttoez01,51,,51,,0,0,0,2,43,8,0,0,0,0,0,,
1873,ELI,NA,swandma01,2,,2,,0,0,2,0,0,0,0,0,0,0,0,,
1873,BS1,NA,sweasch01,1,,1,,0,0,0,1,0,0,0,0,0,0,0,,
1873,PH2,NA,treacfr01,51,,51,,0,0,0,0,0,0,2,50,0,51,0,,
1873,WS5,NA,wallho01,1,,1,,0,0,0,0,0,1,0,0,0,0,0,,
1873,WS5,NA,waterfr01,15,,15,,0,0,0,0,2,9,0,3,1,4,0,,
1873,BS1,NA,whitede01,60,,60,,0,56,0,0,0,0,2,2,8,12,0,,
1873,WS5,NA,whitewa01,39,,39,,0,0,0,0,37,3,0,0,0,0,0,,
1873,ELI,NA,woltery01,1,,1,,1,0,0,0,0,0,0,0,0,0,0,,
1873,BL4,NA,woodhre01,1,,1,,0,0,0,0,0,1,0,0,0,0,0,,
1873,PH2,NA,woodji01,42,,42,,0,0,0,42,0,0,0,0,0,0,0,,
1873,ELI,NA,wordsfa01,12,,12,,0,0,0,0,0,11,0,0,1,1,0,,
1873,BS1,NA,wrighge01,59,,59,,0,0,0,0,0,59,0,0,0,0,0,,
1873,BS1,NA,wrighha01,58,,58,,14,0,0,0,0,0,0,58,0,58,0,,
1873,BL1,NA,yorkto01,57,,57,,0,0,0,0,0,0,56,1,0,57,0,,
1873,PH2,NA,zettlge01,51,,51,,51,0,1,0,0,0,0,0,0,0,0,,
1874,HR1,NA,addybo01,50,50,50,50,0,0,0,45,5,1,0,0,0,0,0,0,0
1874,NY2,NA,allisdo01,65,65,65,65,0,34,0,1,0,0,0,4,43,47,0,0,0
1874,PH1,NA,ansonca01,55,55,55,55,0,1,24,0,20,6,0,0,8,8,0,0,0
1874,HR1,NA,barloto01,32,32,32,32,0,0,0,0,0,32,0,0,0,0,0,0,0
1874,BS1,NA,barnero01,51,51,51,51,0,0,0,51,0,0,1,0,0,1,0,0,0
1874,HR1,NA,barnibi01,45,44,45,45,0,29,0,0,0,1,0,4,25,29,0,0,0
1874,PH1,NA,battijo01,51,51,51,51,0,0,0,41,0,5,0,2,5,7,0,0,0
1874,BS1,NA,bealsto01,19,19,19,19,0,0,0,12,0,0,1,2,6,9,0,0,0
1874,PH2,NA,bechtge01,32,31,32,32,6,0,0,0,0,0,1,0,28,28,0,0,0
1874,BL1,NA,bielaos01,43,43,43,43,0,0,1,1,0,0,0,1,42,42,0,0,0
1874,BL1,NA,boardfr01,1,1,1,1,0,0,0,0,0,0,0,0,1,1,0,0,0
1874,BR2,NA,bondto01,55,55,55,55,55,0,0,0,0,0,0,0,0,0,0,0,0
1874,BR2,NA,boothed01,44,44,44,44,0,0,0,1,0,0,44,0,0,44,0,0,0
1874,HR1,NA,boydbi01,26,26,26,26,0,0,0,0,25,0,0,0,1,1,0,0,0
1874,HR1,NA,bradyst01,27,25,27,27,0,0,0,0,16,1,0,5,6,11,0,0,0
1874,BL1,NA,brainas01,47,47,47,47,30,0,0,20,0,0,1,1,1,3,0,0,0
1874,BL1,NA,brown01,2,2,2,2,0,0,0,0,0,2,0,0,0,0,0,0,0
1874,NY2,NA,burdoja01,61,61,61,61,0,0,0,0,60,0,2,1,0,3,0,0,0
1874,NY2,NA,careyto01,64,64,64,64,0,0,0,13,0,51,0,0,0,0,0,0,0
1874,BL1,NA,carlle01,1,1,1,1,0,1,0,0,0,0,0,0,0,0,0,0,0
1874,BR2,NA,chapmja01,53,53,53,53,0,0,1,0,0,0,0,1,52,53,0,0,0
1874,BR2,NA,clackbo01,33,33,33,33,0,0,2,0,0,0,1,30,0,31,0,0,0
1874,PH1,NA,clappjo01,39,39,39,39,0,27,0,0,0,1,0,1,14,15,0,0,0
1874,BR2,NA,clintji01,2,2,2,2,0,0,0,1,0,0,0,1,0,1,0,0,0
1874,CH2,NA,collida01,3,3,3,3,2,0,0,0,0,1,0,0,2,2,0,0,0
1874,CH2,NA,connete01,1,1,1,1,0,1,0,0,0,0,0,0,0,0,0,0,0
1874,PH2,NA,cravebi01,55,55,55,55,0,5,1,54,0,0,0,0,0,0,0,0,0
1874,PH2,NA,cummica01,54,54,54,54,54,0,0,0,0,0,0,0,1,1,0,0,0
1874,CH2,NA,cuthbne01,58,58,58,58,0,4,0,0,0,0,55,2,0,55,0,0,0
1874,BL1,NA,deaneha01,47,47,47,47,0,0,0,2,0,1,0,46,0,46,0,0,0
1874,BR2,NA,dehlmhe01,53,53,53,53,0,0,53,0,0,0,0,0,0,0,0,0,0
1874,CH2,NA,devliji01,45,42,45,45,0,0,24,0,5,0,0,0,17,17,0,0,0
1874,PH2,NA,donnepe01,6,5,6,6,0,0,0,1,0,2,0,0,3,3,0,0,0
1874,PH2,NA,eggleda01,58,58,58,58,0,0,0,2,0,0,7,50,0,57,0,0,0
1874,HR1,NA,farreja01,3,3,3,3,0,0,0,0,0,0,0,3,0,3,0,0,0
1874,BR2,NA,farrojo01,27,27,27,27,0,16,0,12,0,0,0,2,1,3,0,0,0
1874,BR2,NA,fergubo01,56,56,56,56,1,2,0,0,55,0,0,0,0,0,0,0,0
1874,HR1,NA,fishech01,52,52,52,52,39,0,0,0,7,2,0,8,6,13,0,0,0
1874,PH1,NA,fislewe01,37,37,37,37,0,0,28,9,0,0,0,0,1,1,0,0,0
1874,BR2,NA,fleetfr01,22,21,22,22,0,13,0,11,0,0,1,0,0,1,0,0,0
1874,CH2,NA,forceda01,59,59,59,59,1,0,0,0,42,18,0,0,0,0,0,0,0
1874,PH2,NA,fulmech01,57,57,57,57,0,0,0,0,26,32,0,0,0,0,0,0,0
1874,BR2,NA,gaver01,1,1,1,1,0,0,0,1,0,0,0,0,0,0,0,0,0
1874,PH1,NA,gedneco01,54,54,54,54,0,0,4,0,0,0,51,0,0,51,0,0,0
1874,NY2,NA,geerbi01,2,2,2,2,0,0,0,0,0,0,1,1,0,2,0,0,0
1874,BL1,NA,gerhajo01,14,14,14,14,0,0,0,0,0,14,0,0,0,0,0,0,0
1874,CH2,NA,gilro01,8,8,8,8,0,8,0,0,0,0,0,0,0,0,0,0,0
1874,CH2,NA,glennjo01,55,55,55,55,0,0,37,0,0,0,2,1,17,19,0,0,0
1874,BL1,NA,gouldch01,33,33,33,33,0,1,32,0,0,0,0,0,0,0,0,0,0
1874,BS1,NA,hallge01,47,47,47,47,0,0,0,0,0,0,20,21,7,47,0,0,0
1874,BR2,NA,hallji01,2,2,2,2,0,0,0,2,0,0,0,0,1,1,0,0,0
1874,HR1,NA,hastisc01,52,52,52,52,0,39,0,1,0,1,0,12,14,26,0,0,0
1874,NY2,NA,hatfijo01,63,63,63,63,3,0,1,0,7,1,58,0,0,58,0,0,0
1874,PH2,NA,hicksna01,58,58,58,58,0,57,0,1,0,0,0,3,0,3,0,0,0
1874,NY2,NA,highadi01,65,65,65,65,0,48,0,1,0,0,0,3,31,33,0,0,0
1874,CH2,NA,hinespa01,59,59,59,59,0,0,0,11,0,2,1,50,0,50,0,0,0
1874,BR2,NA,hodesch01,21,21,21,21,0,3,1,3,0,0,0,14,5,19,0,0,0
1874,PH2,NA,holdsji01,57,57,57,57,0,0,1,1,31,21,0,3,3,6,0,0,0
1874,BL1,NA,jones01,2,2,2,2,0,1,0,0,0,0,0,0,1,1,0,0,0
1874,BR2,NA,kesslhe01,14,13,14,14,0,9,0,4,1,0,2,2,0,4,0,0,0
1874,BR2,NA,knowdja01,24,24,24,24,0,21,0,0,0,0,4,0,0,4,0,0,0
1874,BL1,NA,kohlehe01,2,1,2,2,0,0,1,0,0,1,0,0,0,0,0,0,0
1874,BR2,NA,ledwimi01,1,1,1,1,0,1,0,0,0,0,0,0,0,0,0,0,0
1874,BS1,NA,leonaan01,71,71,71,71,0,0,0,11,0,11,51,0,0,51,0,0,0
1874,PH2,NA,mackde01,56,56,56,56,0,0,56,0,0,0,0,0,0,0,0,0,0
1874,CH2,NA,malonfe01,47,47,47,47,0,47,0,0,0,0,0,0,0,0,0,0,0
1874,BL1,NA,mannija01,42,42,42,42,22,0,1,21,1,4,0,0,1,1,0,0,0
1874,HR1,NA,mannija01,1,1,1,1,0,0,0,0,1,0,0,0,0,0,0,0,0
1874,BR2,NA,martial01,7,7,7,7,0,0,0,6,0,0,1,0,0,1,0,0,0
1874,NY2,NA,mathebo01,65,65,65,65,65,0,0,0,1,0,1,0,0,1,0,0,0
1874,PH1,NA,mcbridi01,55,55,55,55,55,0,0,0,0,0,0,0,0,0,0,0,0
1874,PH1,NA,mcgeami01,54,54,54,54,0,28,0,0,0,26,0,0,4,4,0,0,0
1874,BR2,NA,mcgeepa01,16,16,16,16,0,0,0,1,0,2,6,9,0,15,0,0,0
1874,PH2,NA,mckenfr01,1,1,1,1,0,0,1,0,0,0,0,0,0,0,0,0,0
1874,PH1,NA,mcmuljo01,55,55,55,55,0,0,0,0,0,0,5,51,1,55,0,0,0
1874,BS1,NA,mcveyca01,70,70,70,70,0,22,0,0,0,0,0,8,49,57,0,0,0
1874,CH2,NA,meyerle01,53,53,53,53,0,0,0,31,14,5,2,0,3,5,0,0,0
1874,PH1,NA,milleto01,4,4,4,4,0,4,0,0,0,0,0,1,1,1,0,0,0
1874,HR1,NA,millsev01,53,53,53,53,0,0,53,0,0,0,0,0,0,0,0,0,0
1874,PH1,NA,murnati01,21,19,21,21,0,0,3,6,0,0,0,1,13,14,0,0,0
1874,NY2,NA,nelsoca01,65,65,65,65,0,0,0,51,0,14,0,1,0,1,0,0,0
1874,HR1,NA,oneal01,1,1,1,1,0,0,0,0,0,0,0,0,1,1,0,0,0
1874,BS1,NA,orourji01,70,70,70,70,0,0,70,0,0,0,0,0,0,0,0,0,0
1874,PH2,NA,paborch01,17,17,17,17,0,0,0,0,0,0,2,3,13,17,0,0,0
1874,NY2,NA,patteda01,1,1,1,1,0,0,1,0,0,0,1,0,0,1,0,0,0
1874,BR2,NA,pearcdi01,56,56,56,56,0,0,0,1,2,56,0,0,0,0,0,0,0
1874,CH2,NA,peterjo01,55,55,55,55,0,0,0,19,0,36,0,0,0,0,0,0,0
1874,NY2,NA,phelpne01,6,5,6,6,0,0,0,0,0,0,0,0,6,6,0,0,0
1874,HR1,NA,pikeli01,52,52,52,52,0,0,0,7,1,20,0,27,0,27,0,0,0
1874,PH2,NA,quinl01,1,1,1,1,0,0,0,0,0,1,0,0,0,0,0,0,0
1874,PH2,NA,radcljo01,23,22,23,23,0,0,2,4,3,3,0,1,14,15,0,0,0
1874,PH1,NA,reachal01,14,13,14,14,0,0,0,0,0,0,0,0,14,14,0,0,0
1874,BL1,NA,reedhu01,1,1,1,1,0,0,0,0,0,0,0,0,1,1,0,0,0
1874,NY2,NA,remseja01,64,64,64,64,0,0,3,0,0,0,8,57,0,63,0,0,0
1874,BL1,NA,revilhe01,1,1,1,1,0,0,0,0,0,0,0,0,1,1,0,0,0
1874,BL1,NA,ryanjo01,47,47,47,47,1,0,0,0,0,0,47,0,0,47,0,0,0
1874,BL1,NA,saylo01,18,18,18,18,0,0,0,0,0,18,0,0,0,0,0,0,0
1874,BS1,NA,schafha01,71,71,71,71,0,0,0,0,71,1,0,0,0,0,0,0,0
1874,BL1,NA,selmafr01,12,11,12,12,0,6,0,2,1,6,0,1,1,2,0,0,0
1874,PH1,NA,senseco01,5,4,5,5,0,0,0,0,0,0,0,1,4,5,0,0,0
1874,HR1,NA,shaffor01,9,9,9,9,0,0,0,0,0,0,8,0,1,9,0,0,0
1874,NY2,NA,shaffor01,1,1,1,1,0,0,0,0,0,0,0,0,1,1,0,0,0
1874,BL1,NA,smilebi01,2,2,2,2,0,0,0,0,2,0,0,0,0,0,0,0,0
1874,BL1,NA,smithjo01,6,5,6,6,0,0,0,0,0,6,0,0,0,0,0,0,0
1874,BR2,NA,snowch01,1,0,1,1,0,0,0,0,0,0,0,1,0,1,0,0,0
1874,BL1,NA,snydepo01,39,39,39,39,0,39,0,0,0,0,0,0,0,0,0,0,0
1874,BS1,NA,spaldal01,71,71,71,71,71,0,0,0,0,0,0,6,0,6,0,0,0
1874,NY2,NA,startjo01,63,63,63,63,0,0,63,0,0,0,1,1,0,2,0,0,0
1874,HR1,NA,stearbi01,33,32,33,33,22,0,0,0,0,0,0,4,15,19,0,0,0
1874,PH1,NA,suttoez01,55,55,55,55,0,0,0,0,36,20,0,0,0,0,0,0,0
1874,BL1,NA,sweasch01,8,8,8,8,0,0,0,8,0,0,0,0,1,1,0,0,0
1874,BR2,NA,sweasch01,10,10,10,10,0,0,0,10,0,0,0,0,0,0,0,0,0
1874,BL1,NA,tayloza01,13,13,13,13,0,0,13,0,0,0,0,0,0,0,0,0,0
1874,HR1,NA,tippeji01,45,45,45,45,0,0,0,0,0,0,45,0,0,45,0,0,0
1874,CH2,NA,treacfr01,35,34,35,35,0,0,0,0,0,0,2,11,24,35,0,0,0
1874,BR2,NA,westbi01,9,9,9,9,0,0,0,9,0,1,0,0,0,0,0,0,0
1874,BS1,NA,whitede01,70,69,70,70,0,58,1,0,0,0,0,0,20,20,0,0,0
1874,BL1,NA,whitewa01,45,45,45,45,0,2,0,0,45,0,0,0,0,0,0,0,0
1874,BL1,NA,wood01,1,0,1,1,0,0,0,1,0,0,0,0,0,0,0,0,0
1874,BS1,NA,wrighge01,60,60,60,60,0,0,0,0,1,60,0,0,0,0,0,0,0
1874,BS1,NA,wrighha01,40,40,40,40,6,0,0,0,0,0,0,40,0,40,0,0,0
1874,PH2,NA,yorkto01,50,50,50,50,0,0,0,0,0,0,49,1,0,50,0,0,0
1874,CH2,NA,zettlge01,57,57,57,57,57,0,0,0,0,0,0,0,0,0,0,0,0
1875,BR2,NA,abadijo01,1,,1,,0,0,1,0,0,0,0,0,0,0,0,,
1875,PH3,NA,abadijo01,11,,11,,0,0,11,0,0,0,0,0,0,0,0,,
1875,PH2,NA,addybo01,69,,69,,0,0,0,2,0,0,0,1,67,68,0,,
1875,HR1,NA,allisar01,40,,40,,0,1,1,2,0,0,0,0,37,37,0,,
1875,WS6,NA,allisar01,26,,26,,0,1,23,0,0,0,0,1,2,3,0,,
1875,HR1,NA,allisdo01,61,,61,,0,59,2,0,0,0,0,0,2,2,0,,
1875,PH1,NA,ansonca01,69,,69,,0,13,32,0,5,0,0,2,23,25,0,,
1875,BR2,NA,arundha01,1,,1,,1,0,0,0,0,0,0,0,1,1,0,,
1875,NH1,NA,banckst01,19,,19,,0,14,1,4,3,1,0,0,0,0,0,,
1875,BR2,NA,barloto01,1,,1,,0,0,0,1,0,0,0,0,0,0,0,,
1875,NH1,NA,barloto01,1,,1,,0,0,0,0,0,1,0,0,0,0,0,,
1875,BS1,NA,barnero01,78,,78,,0,0,0,76,0,2,3,0,0,3,0,,
1875,KEO,NA,barnibi01,10,,10,,0,3,0,0,0,0,0,3,4,7,0,,
1875,NY2,NA,barnibi01,9,,9,,0,6,0,0,0,0,0,1,2,3,0,,
1875,SL2,NA,battijo01,67,,67,,0,2,0,62,6,0,0,1,0,1,0,,
1875,BS1,NA,bealsto01,35,,35,,0,0,0,8,0,0,3,19,8,30,0,,
1875,PH1,NA,bechtge01,35,,35,,4,0,0,0,0,0,0,3,29,31,0,,
1875,PH3,NA,bechtge01,14,,14,,14,0,0,0,0,0,0,0,0,0,0,,
1875,CH2,NA,bielaos01,51,,51,,0,0,0,0,0,0,4,0,48,51,0,,
1875,SL1,NA,blongjo01,16,,16,,15,0,0,0,0,0,2,2,0,4,0,,
1875,BR2,NA,bolan01,1,,1,,0,0,0,0,1,0,0,0,0,0,0,,
1875,HR1,NA,bondto01,72,,72,,40,0,4,3,0,0,0,0,29,29,0,,
1875,NH1,NA,booth01,1,,1,,0,0,0,0,0,1,0,0,0,0,0,,
1875,NY2,NA,boothed01,68,,68,,0,0,0,8,0,0,3,1,60,63,0,,
1875,PH2,NA,bordejo01,7,,7,,7,0,0,0,0,0,0,0,0,0,0,,
1875,BR2,NA,boydbi01,36,,36,,1,0,2,15,9,1,0,0,12,12,0,,
1875,SL2,NA,bradlge01,60,,60,,60,0,0,1,0,2,1,0,0,1,0,,
1875,CH2,NA,brady01,1,,1,,0,0,0,0,0,0,0,1,0,1,0,,
1875,HR1,NA,bradyst01,1,,1,,0,0,0,0,0,0,0,1,0,1,0,,
1875,WS6,NA,bradyst01,21,,21,,0,1,1,18,0,0,1,0,1,2,0,,
1875,CH2,NA,brannmi01,2,,2,,0,0,0,0,2,0,0,0,0,0,0,,
1875,BR2,NA,brownol01,3,,3,,0,0,2,0,0,0,0,1,1,2,0,,
1875,HR1,NA,burdoja01,74,,74,,0,1,0,73,2,0,0,0,0,0,0,,
1875,BR2,NA,bushodo01,1,,1,,0,1,0,0,0,0,0,0,0,0,0,,
1875,KEO,NA,carbijo01,10,,10,,0,0,10,0,0,0,0,0,0,0,0,,
1875,HR1,NA,careyto01,86,,86,,0,0,0,1,0,86,0,0,0,0,0,,
1875,BR2,NA,cassijo01,41,,41,,30,0,10,2,0,0,1,0,11,12,0,,
1875,NH1,NA,cassijo01,6,,6,,0,0,6,0,0,0,0,0,0,0,0,,
1875,SL2,NA,chapmja01,43,,43,,0,0,1,0,0,0,0,0,43,43,0,,
1875,BR2,NA,clackbo01,17,,17,,0,0,1,0,0,0,0,16,1,17,0,,
1875,PH1,NA,clappjo01,60,,60,,0,60,0,0,0,0,0,0,0,0,0,,
1875,BR2,NA,clintji01,22,,22,,17,0,5,1,0,0,0,0,7,7,0,,
1875,PH1,NA,coonwi01,4,,4,,0,4,0,0,0,0,0,0,1,1,0,,
1875,BR2,NA,cranefr01,21,,21,,0,0,20,0,0,1,0,0,1,1,0,,
1875,PH1,NA,cravebi01,54,,54,,0,2,0,54,1,0,0,0,0,0,0,,
1875,PH3,NA,cravebi01,14,,14,,0,0,1,0,4,9,0,0,0,0,0,,
1875,SL1,NA,croftar01,19,,19,,0,0,0,0,0,0,10,7,2,19,0,,
1875,PH2,NA,crowlbi01,9,,9,,0,0,1,0,4,0,0,4,0,4,0,,
1875,HR1,NA,cummica01,53,,53,,48,0,0,0,0,0,2,4,0,6,0,,
1875,SL2,NA,cuthbne01,68,,68,,0,3,0,1,0,0,65,2,0,67,0,,
1875,BR2,NA,dailejo01,2,,2,,0,0,1,0,0,1,0,0,2,2,0,,
1875,WS6,NA,dailejo01,27,,27,,0,0,0,2,5,20,0,0,0,0,0,,
1875,SL2,NA,dehlmhe01,67,,67,,0,0,67,0,0,0,0,0,2,2,0,,
1875,CH2,NA,devliji01,69,,69,,28,0,42,0,0,0,0,3,1,4,0,,
1875,SL1,NA,dillojo01,1,,1,,0,0,0,0,0,1,0,0,0,0,0,,
1875,SL1,NA,dillopa01,3,,3,,0,3,0,0,0,0,0,0,0,0,0,,
1875,NH1,NA,dolele01,1,,1,,0,0,0,0,0,0,0,1,0,1,0,,
1875,WS6,NA,doschhe01,22,,22,,0,0,0,0,22,0,0,0,0,0,0,,
1875,BR2,NA,edwar01,1,,1,,1,0,0,0,0,0,0,1,0,1,0,,
1875,PH1,NA,eggleda01,66,,66,,0,0,0,0,0,0,2,65,0,66,0,,
1875,SL1,NA,ellicjo01,7,,7,,0,0,0,0,5,0,0,2,0,2,0,,
1875,NH1,NA,evans01,1,,1,,0,0,0,0,0,0,1,0,0,1,0,,
1875,HR1,NA,fergubo01,85,,85,,1,0,0,0,85,0,0,0,0,0,0,,
1875,PH3,NA,fieldsa01,3,,3,,0,2,0,0,0,0,0,0,1,1,0,,
1875,WS6,NA,fieldsa01,5,,5,,0,4,0,0,0,0,0,0,1,1,0,,
1875,PH2,NA,fishech01,41,,41,,41,0,0,0,0,0,4,1,0,5,0,,
1875,PH1,NA,fislewe01,58,,58,,0,0,46,5,0,0,0,1,9,10,0,,
1875,BR2,NA,fleetfr01,26,,26,,2,11,0,10,1,9,0,0,0,0,0,,
1875,SL2,NA,fleetfr01,4,,4,,3,0,0,0,1,0,0,1,0,1,0,,
1875,SL1,NA,flintsi01,17,,17,,0,16,0,0,1,0,1,0,1,2,0,,
1875,CH2,NA,foleywi01,3,,3,,0,0,0,0,3,0,0,0,0,0,0,,
1875,PH1,NA,forceda01,77,,77,,0,0,0,0,2,77,0,0,0,0,0,,
1875,PH2,NA,fulmech01,69,,69,,0,0,0,0,17,53,0,0,0,0,0,,
1875,BR2,NA,fulmewa01,1,,1,,0,0,0,0,0,0,0,1,0,1,0,,
1875,SL2,NA,galvipu01,13,,13,,8,0,0,0,0,0,2,1,3,6,0,,
1875,NY2,NA,gedneco01,68,,68,,2,0,0,0,0,0,67,0,1,67,0,,
1875,NH1,NA,geerbi01,37,,37,,0,0,1,13,1,6,4,11,3,17,0,,
1875,NY2,NA,gerhajo01,58,,58,,0,0,0,13,47,1,1,0,0,1,0,,
1875,BR2,NA,gilgahu01,2,,2,,0,1,0,0,0,0,0,0,1,1,0,,
1875,WS6,NA,gilmoji01,3,,3,,0,2,0,0,1,0,0,0,1,1,0,,
1875,PH1,NA,gilro01,2,,2,,0,1,0,0,0,0,0,0,1,1,0,,
1875,CH2,NA,glennjo01,69,,69,,0,0,29,0,0,0,39,7,1,44,0,,
1875,CH2,NA,goldemi01,39,,39,,14,0,0,0,0,0,25,0,2,27,0,,
1875,KEO,NA,goldemi01,13,,13,,13,0,0,0,0,0,0,0,0,0,0,,
1875,NH1,NA,goldsfr01,1,,1,,0,0,0,1,0,0,0,0,0,0,0,,
1875,KEO,NA,goldswa01,13,,13,,0,0,0,0,13,0,0,0,0,0,0,,
1875,NH1,NA,gouldch01,27,,27,,0,1,26,0,0,0,0,0,1,1,0,,
1875,SL2,NA,haguebi01,62,,62,,0,0,1,0,62,0,0,0,0,0,0,,
1875,PH1,NA,hallge01,77,,77,,0,0,1,0,0,0,74,0,3,77,0,,
1875,KEO,NA,halliji01,13,,13,,0,0,0,0,0,13,0,0,0,0,0,,
1875,NY2,NA,halliji01,44,,44,,0,0,0,0,1,43,0,0,1,1,0,,
1875,KEO,NA,hallji01,1,,1,,0,0,0,0,0,0,1,0,0,1,0,,
1875,HR1,NA,harbibi01,53,,53,,0,31,3,11,0,1,0,0,13,13,0,,
1875,NH1,NA,harriri01,1,,1,,0,1,0,0,0,1,0,0,0,0,0,,
1875,CH2,NA,hastisc01,65,,65,,0,46,0,3,0,0,1,15,15,29,0,,
1875,NY2,NA,hatfijo01,1,,1,,0,0,0,0,0,0,1,0,0,1,0,,
1875,SL1,NA,hautzch01,19,,19,,0,0,19,0,0,0,0,0,0,0,0,,
1875,BS1,NA,heifefr01,11,,11,,2,0,9,0,0,0,4,1,1,6,0,,
1875,BR2,NA,helli01,1,,1,,0,0,0,1,0,0,0,0,0,0,0,,
1875,NY2,NA,hicksna01,62,,62,,0,60,0,0,0,0,0,1,4,5,0,,
1875,CH2,NA,highadi01,42,,42,,0,24,0,13,0,0,0,3,11,14,0,,
1875,NY2,NA,highadi01,15,,15,,0,8,2,6,0,0,0,0,3,3,0,,
1875,CH2,NA,hinespa01,68,,68,,0,1,0,30,0,1,4,35,0,39,0,,
1875,NY2,NA,holdsji01,71,,71,,0,0,0,0,0,26,0,43,2,45,0,,
1875,WS6,NA,holliho01,19,,19,,0,0,0,0,0,0,4,13,3,19,0,,
1875,HR1,NA,jonesch01,1,,1,,0,0,0,0,0,0,0,1,0,1,0,,
1875,KEO,NA,jonesch01,12,,12,,0,0,0,0,0,0,12,0,0,12,0,,
1875,NH1,NA,keenaji01,5,,5,,0,3,0,0,2,0,1,0,0,1,0,,
1875,CH2,NA,keerlge01,6,,6,,0,0,0,6,0,0,0,0,0,0,0,,
1875,BR2,NA,kesslhe01,25,,25,,0,3,1,1,0,18,0,4,3,7,0,,
1875,NH1,NA,knighge01,1,,1,,1,0,0,0,0,0,0,0,0,0,0,,
1875,PH1,NA,knighlo01,13,,13,,13,0,0,0,0,1,0,0,0,0,0,,
1875,BR2,NA,knowdja01,43,,43,,0,33,0,1,0,11,0,3,1,4,0,,
1875,BS1,NA,lathaju01,16,,16,,0,0,16,0,0,0,0,0,0,0,0,,
1875,NH1,NA,lathaju01,20,,20,,0,0,14,0,3,4,0,0,0,0,0,,
1875,BS1,NA,leonaan01,80,,80,,0,0,0,2,3,3,73,0,0,73,0,,
1875,PH3,NA,lovetle01,6,,6,,0,0,0,0,0,0,1,0,5,6,0,,
1875,WS6,NA,lowryjo01,6,,6,,0,0,0,0,0,0,0,6,0,6,0,,
1875,NH1,NA,luffhe01,38,,38,,10,0,0,0,30,1,0,1,3,4,0,,
1875,PH2,NA,malonfe01,29,,29,,0,6,22,0,0,0,0,2,0,2,0,,
1875,BS1,NA,mannija01,77,,77,,27,0,3,0,1,0,0,2,64,65,0,,
1875,BR2,NA,martial01,6,,6,,0,0,0,0,0,0,0,6,0,6,0,,
1875,PH3,NA,masonch01,12,,12,,0,1,2,0,0,0,3,0,7,10,0,,
1875,WS6,NA,masonch01,8,,8,,1,0,0,0,0,0,8,0,0,8,0,,
1875,NY2,NA,mathebo01,70,,70,,70,0,0,0,0,0,1,0,0,1,0,,
1875,PH1,NA,mcbridi01,60,,60,,60,0,0,0,0,0,0,0,1,1,0,,
1875,WS6,NA,mcclobi01,11,,11,,0,11,0,0,0,0,0,0,0,0,0,,
1875,PH2,NA,mcgeami01,68,,68,,0,0,0,23,27,18,0,1,2,3,0,,
1875,BR2,NA,mcgeepa01,18,,18,,0,0,0,6,1,0,0,13,0,13,0,,
1875,NY2,NA,mcgeepa01,25,,25,,0,0,0,0,0,0,0,25,0,25,0,,
1875,NH1,NA,mcginti01,32,,32,,0,32,0,0,2,0,0,0,0,0,0,,
1875,PH3,NA,mcginti01,13,,13,,0,12,0,0,0,0,0,0,2,2,0,,
1875,NH1,NA,mckeljo01,43,,43,,0,0,0,0,5,0,0,4,35,39,0,,
1875,PH2,NA,mcmuljo01,54,,54,,4,0,0,0,0,0,22,32,0,54,0,,
1875,SL1,NA,mcsortr01,15,,15,,0,0,0,0,9,0,6,1,0,7,0,,
1875,BS1,NA,mcveyca01,82,,82,,3,16,55,0,0,0,1,20,2,23,0,,
1875,NY2,NA,metcaal01,8,,8,,0,0,0,0,5,1,0,0,2,2,0,,
1875,PH2,NA,meyerle01,68,,68,,0,0,16,36,20,0,0,0,0,0,0,,
1875,CH2,NA,millejo01,15,,15,,0,0,0,14,0,0,1,0,1,1,0,,
1875,KEO,NA,millejo01,13,,13,,0,0,0,13,0,0,0,0,0,0,0,,
1875,SL2,NA,milleto01,56,,56,,0,53,0,0,2,0,0,0,0,0,0,,
1875,HR1,NA,millsev01,80,,80,,0,0,80,0,0,0,0,0,0,0,0,,
1875,BR2,NA,mooremo01,21,,21,,0,1,8,1,1,14,0,0,2,2,0,,
1875,SL1,NA,morgapi01,19,,19,,7,0,0,0,7,0,3,7,0,10,0,,
1875,BR2,NA,munnho01,1,,1,,0,0,0,1,0,0,0,0,0,0,0,,
1875,PH2,NA,murnati01,69,,69,,0,0,31,15,0,0,1,24,1,26,0,,
1875,NY2,NA,nelsoca01,70,,70,,0,0,0,49,23,2,1,0,0,1,0,,
1875,BR2,NA,nichoal01,32,,32,,0,0,0,0,32,0,0,0,0,0,0,,
1875,NH1,NA,nichotr01,34,,34,,34,0,0,0,0,0,1,2,0,3,0,,
1875,BR2,NA,oneilj01,7,,7,,5,0,1,0,0,0,0,2,1,3,0,,
1875,SL1,NA,oranto01,19,,19,,0,0,0,0,0,1,0,2,17,19,0,,
1875,BS1,NA,orourji01,75,,75,,0,1,6,0,27,0,0,44,1,45,0,,
1875,BR2,NA,paborch01,42,,42,,1,0,0,0,0,0,42,0,0,42,0,,
1875,NH1,NA,paborch01,6,,6,,0,0,0,0,0,0,6,0,0,6,0,,
1875,PH2,NA,parksbi01,2,,2,,2,0,0,0,0,0,2,0,0,2,0,,
1875,WS6,NA,parksbi01,27,,27,,14,0,0,0,0,0,16,1,0,17,0,,
1875,BR2,NA,patteda01,12,,12,,0,0,0,7,0,0,0,0,7,7,0,,
1875,SL2,NA,pearcdi01,70,,70,,2,0,0,0,0,70,0,0,0,0,0,,
1875,CH2,NA,peterjo01,69,,69,,0,0,0,6,0,65,0,0,0,0,0,,
1875,NY2,NA,phelpne01,2,,2,,0,0,0,0,0,0,0,0,2,2,0,,
1875,SL2,NA,pikeli01,70,,70,,0,0,0,10,2,1,1,64,0,64,0,,
1875,BR2,NA,quinnpa01,2,,2,,0,0,0,0,0,1,0,1,1,2,0,,
1875,CH2,NA,quinnpa02,17,,17,,0,11,0,0,0,0,0,9,1,10,0,,
1875,HR1,NA,quinnpa02,5,,5,,0,3,0,0,0,0,0,1,2,3,0,,
1875,KEO,NA,quinnpa02,11,,11,,0,10,0,0,0,0,0,1,0,1,0,,
1875,PH3,NA,radcljo01,5,,5,,0,0,0,0,0,5,0,0,0,0,0,,
1875,PH1,NA,reachal01,3,,3,,0,0,0,1,0,0,0,0,2,2,0,,
1875,SL1,NA,redmobi01,19,,19,,0,2,0,0,0,19,0,0,0,0,0,,
1875,HR1,NA,remseja01,86,,86,,0,0,0,0,0,0,0,81,5,86,0,,
1875,WS6,NA,resslla01,27,,27,,0,0,0,7,0,0,0,3,17,20,0,,
1875,BR2,NA,rextewi01,1,,1,,0,0,0,0,0,0,0,0,1,1,0,,
1875,PH1,NA,richmjo01,29,,29,,0,3,0,17,0,0,2,3,6,11,0,,
1875,KEO,NA,rileybi01,8,,8,,0,0,0,0,0,0,0,0,8,8,0,,
1875,PH1,NA,rocapad01,16,,16,,0,0,0,4,0,0,0,5,7,12,0,,
1875,NH1,NA,ryanjo01,37,,37,,10,4,0,0,0,1,30,0,0,30,0,,
1875,WS6,NA,saylo01,11,,11,,0,0,0,2,0,8,0,1,0,1,0,,
1875,BS1,NA,schafha01,52,,52,,0,0,0,0,51,0,0,1,0,1,0,,
1875,WS6,NA,selmafr01,1,,1,,0,0,1,0,0,0,0,0,0,0,0,,
1875,SL2,NA,sewarge01,25,,25,,0,18,0,2,0,0,3,1,3,7,0,,
1875,BR2,NA,shaff01,1,,1,,0,0,0,0,0,0,0,0,1,1,0,,
1875,PH2,NA,shaffor01,19,,19,,0,0,2,0,5,0,3,8,1,12,0,,
1875,BR2,NA,sheri01,1,,1,,0,0,0,0,0,0,1,0,0,1,0,,
1875,KEO,NA,simmojo01,13,,13,,0,0,3,0,0,0,0,9,1,10,0,,
1875,NH1,NA,smithjo01,1,,1,,0,0,0,0,0,1,0,0,0,0,0,,
1875,BR2,NA,smithto01,3,,3,,0,0,0,3,0,0,0,0,0,0,0,,
1875,PH2,NA,snydepo01,66,,66,,0,66,1,0,0,0,0,0,0,0,0,,
1875,NH1,NA,somered01,33,,33,,0,0,1,29,2,1,0,0,0,0,0,,
1875,PH3,NA,somered01,14,,14,,0,0,0,14,0,1,0,0,0,0,0,,
1875,BS1,NA,spaldal01,74,,74,,72,0,4,0,0,0,1,9,9,18,0,,
1875,NY2,NA,startjo01,69,,69,,0,0,69,0,0,0,0,0,0,0,0,,
1875,WS6,NA,stearbi01,21,,21,,17,0,0,0,0,0,2,5,0,7,0,,
1875,WS6,NA,stevero01,1,,1,,0,0,0,0,0,0,0,0,1,1,0,,
1875,BR2,NA,stodd01,2,,2,,0,0,0,0,0,0,1,1,0,2,0,,
1875,NH1,NA,sulli01,2,,2,,0,0,0,0,0,0,0,0,2,2,0,,
1875,PH1,NA,suttoez01,75,,75,,2,0,2,0,73,1,0,0,1,1,0,,
1875,SL1,NA,sweasch01,19,,19,,0,0,0,19,0,0,0,0,0,0,0,,
1875,WS6,NA,terry01,6,,6,,0,0,4,0,0,0,0,1,2,3,0,,
1875,WS6,NA,thompan01,11,,11,,0,11,0,0,0,0,0,0,1,1,0,,
1875,BR2,NA,thompfr01,1,,1,,0,0,0,0,0,0,0,0,1,1,0,,
1875,NH1,NA,tippeji01,41,,41,,0,0,0,0,0,0,8,32,3,41,0,,
1875,PH2,NA,treacfr01,43,,43,,0,0,0,0,0,0,42,1,0,43,0,,
1875,PH3,NA,treacfr01,11,,11,,0,0,0,0,0,0,11,0,0,11,0,,
1875,NH1,NA,trenwge01,6,,6,,0,0,0,0,6,0,0,0,0,0,0,,
1875,PH3,NA,trenwge01,10,,10,,0,0,0,0,10,0,0,0,0,0,0,,
1875,SL2,NA,waittch01,30,,30,,0,0,4,0,0,0,2,7,23,28,0,,
1875,BR2,NA,walkeos01,1,,1,,0,0,1,0,0,0,0,0,1,1,0,,
1875,PH3,NA,warnefr01,14,,14,,0,0,0,0,0,0,0,14,0,14,0,,
1875,CH2,NA,waterfr01,5,,5,,0,0,0,0,5,0,0,0,0,0,0,,
1875,PH2,NA,weavesa01,1,,1,,1,0,0,0,0,0,0,0,0,0,0,,
1875,BS1,NA,whitede01,80,,80,,0,75,1,0,0,0,0,0,14,14,0,,
1875,CH2,NA,whitewa01,69,,69,,0,0,0,2,59,5,0,5,0,5,0,,
1875,WS6,NA,withech01,1,,1,,1,0,0,0,0,0,0,0,0,0,0,,
1875,BS1,NA,wrighge01,79,,79,,2,0,0,0,0,79,0,0,0,0,0,,
1875,BS1,NA,wrighha01,1,,1,,0,0,0,0,0,0,0,0,1,1,0,,
1875,NH1,NA,wrighsa01,33,,33,,0,0,0,0,0,33,0,0,0,0,0,,
1875,HR1,NA,yorkto01,86,,86,,0,0,0,0,0,0,86,0,0,86,0,,
1875,CH2,NA,zettlge01,32,,32,,31,0,3,0,0,0,0,0,0,0,0,,
1875,PH2,NA,zettlge01,21,,21,,21,0,0,0,0,0,0,0,0,0,0,,
1876,CHN,NL,addybo01,32,,32,,0,0,0,0,0,0,3,0,29,32,0,,
1876,LS1,NL,allisar01,31,,31,,0,0,8,0,0,0,0,0,23,23,0,,
1876,HAR,NL,allisdo01,44,,44,,0,40,0,0,0,0,0,1,5,6,0,,
1876,CHN,NL,andrufr01,8,,8,,0,0,0,0,0,0,1,3,5,8,0,,
1876,CHN,NL,ansonca01,66,,66,,0,2,0,0,66,0,0,0,0,0,0,,
1876,CHN,NL,barnero01,66,,66,,1,0,0,66,0,0,0,0,0,0,0,,
1876,SL3,NL,battijo01,64,,64,,0,0,0,1,63,0,0,0,0,0,0,,
1876,LS1,NL,bechtge01,14,,14,,0,0,0,0,0,0,0,0,14,14,0,,
1876,NY3,NL,bechtge01,2,,2,,0,0,0,0,0,0,0,2,0,2,0,,
1876,PHN,NL,berghjo01,1,,1,,0,1,0,0,0,0,0,1,0,1,0,,
1876,CHN,NL,bielaos01,32,,32,,0,0,0,0,0,0,0,0,32,32,0,,
1876,SL3,NL,blongjo01,62,,62,,1,0,0,0,0,0,0,0,62,62,0,,
1876,HAR,NL,bondto01,45,,45,,45,0,0,0,0,0,0,0,0,0,0,,
1876,CN1,NL,bootham01,63,,63,,3,24,0,0,24,22,0,0,3,3,0,,
1876,NY3,NL,boothed01,57,,57,,1,0,0,5,0,0,0,2,51,53,0,,
1876,BSN,NL,bordejo01,32,,32,,29,0,0,0,0,0,0,0,16,16,0,,
1876,BSN,NL,bradlfo01,22,,22,,22,0,0,0,0,0,0,0,4,4,0,,
1876,SL3,NL,bradlge01,64,,64,,64,0,0,0,0,0,0,0,0,0,0,,
1876,BSN,NL,brownle01,45,,45,,0,45,0,0,0,0,0,1,1,1,0,,
1876,HAR,NL,burdoja01,69,,69,,0,0,0,69,1,0,0,0,0,0,0,,
1876,PHN,NL,bushodo01,5,,5,,0,5,0,0,0,0,0,0,0,0,0,,
1876,LS1,NL,carbijo01,7,,7,,0,0,6,0,0,0,0,0,1,1,0,,
1876,HAR,NL,careyto01,68,,68,,0,0,0,0,0,68,0,0,0,0,0,,
1876,HAR,NL,cassijo01,12,,12,,0,0,4,0,0,0,0,0,8,8,0,,
1876,LS1,NL,chapmja01,17,,17,,0,0,0,0,1,0,5,1,11,17,0,,
1876,CN1,NL,clackbo01,32,,32,,1,0,5,8,3,0,0,3,14,17,0,,
1876,SL3,NL,clappjo01,64,,64,,0,61,0,1,0,0,0,1,3,4,0,,
1876,LS1,NL,clintji01,16,,16,,1,0,1,0,0,0,0,0,14,14,0,,
1876,LS1,NL,collida01,7,,7,,0,0,0,0,0,0,0,2,5,7,0,,
1876,PHN,NL,coonwi01,54,,54,,2,18,0,4,4,0,0,2,29,29,0,,
1876,NY3,NL,cravebi01,56,,56,,0,11,0,42,0,6,0,0,0,0,0,,
1876,HAR,NL,cummica01,24,,24,,24,0,0,0,0,0,0,0,0,0,0,,
1876,PHN,NL,currepe01,3,,3,,0,2,0,0,0,0,0,0,1,1,0,,
1876,SL3,NL,cuthbne01,63,,63,,0,0,0,0,0,0,63,0,0,63,0,,
1876,CN1,NL,deando01,34,,34,,30,0,0,0,0,2,0,0,5,5,0,,
1876,SL3,NL,dehlmhe01,64,,64,,0,0,64,0,0,0,0,0,0,0,0,,
1876,LS1,NL,devliji01,68,,68,,68,0,1,0,0,0,0,0,0,0,0,,
1876,PHN,NL,eggleda01,39,,39,,0,0,0,0,0,0,1,37,1,39,0,,
1876,NY3,NL,fairge01,1,,1,,0,0,0,1,0,0,0,0,0,0,0,,
1876,HAR,NL,fergubo01,69,,69,,0,0,0,0,69,0,0,0,0,0,0,,
1876,CN1,NL,fieldsa01,4,,4,,0,3,0,2,0,0,0,0,0,0,0,,
1876,CN1,NL,fishech01,35,,35,,28,0,1,0,0,1,0,7,4,11,0,,
1876,PHN,NL,fislewe01,59,,59,,0,0,14,21,0,1,0,15,9,24,0,,
1876,CN1,NL,foleywi01,58,,58,,0,20,0,0,46,0,0,0,0,0,0,,
1876,NY3,NL,forceda01,1,,1,,0,0,0,0,0,1,0,0,0,0,0,,
1876,PHN,NL,forceda01,60,,60,,0,0,0,0,2,60,0,0,0,0,0,,
1876,PHN,NL,fousebi01,21,,21,,0,0,1,14,0,0,0,1,6,7,0,,
1876,LS1,NL,fulmech01,66,,66,,0,0,0,0,0,66,0,0,0,0,0,,
1876,LS1,NL,gerhajo01,65,,65,,0,0,54,5,2,3,2,0,0,2,0,,
1876,CHN,NL,glennjo01,66,,66,,0,0,15,0,0,0,56,0,0,56,0,,
1876,CN1,NL,gouldch01,61,,61,,2,0,61,0,0,0,0,0,0,0,0,,
1876,LS1,NL,haguebi01,67,,67,,0,0,0,0,67,1,0,0,0,0,0,,
1876,PHN,NL,hallge01,60,,60,,0,0,0,0,0,0,59,0,1,60,0,,
1876,NY3,NL,halliji01,54,,54,,0,0,0,4,0,50,0,0,2,2,0,,
1876,HAR,NL,harbibi01,30,,30,,0,24,2,0,0,0,0,2,4,6,0,,
1876,LS1,NL,hastisc01,67,,67,,0,5,0,0,0,0,0,65,0,65,0,,
1876,NY3,NL,hatfijo01,1,,1,,0,0,0,1,0,0,0,0,0,0,0,,
1876,NY3,NL,hayesmi01,5,,5,,0,0,0,0,0,0,5,0,0,5,0,,
1876,NY3,NL,heubege01,1,,1,,0,0,1,0,0,0,0,0,0,0,0,,
1876,NY3,NL,hicksna01,45,,45,,0,45,0,0,0,0,0,0,0,0,0,,
1876,HAR,NL,highadi01,67,,67,,0,13,0,1,0,1,0,0,59,59,0,,
1876,CHN,NL,hinespa01,64,,64,,0,0,0,1,0,0,0,64,0,64,0,,
1876,LS1,NL,holbebi01,12,,12,,0,12,0,0,0,0,0,0,0,0,0,,
1876,NY3,NL,holdsji01,52,,52,,0,0,0,3,0,0,0,49,0,49,0,,
1876,CN1,NL,jonesch01,64,,64,,0,0,0,0,0,0,10,53,1,64,0,,
1876,CN1,NL,kesslhe01,59,,59,,0,0,0,0,0,46,0,2,14,16,0,,
1876,PHN,NL,knighlo01,55,,55,,34,0,13,6,0,0,0,3,6,9,0,,
1876,PHN,NL,laffefl01,1,,1,,1,0,0,0,0,0,0,0,0,0,0,,
1876,NY3,NL,larkite01,1,,1,,1,0,0,0,0,0,0,0,0,0,0,,
1876,BSN,NL,leonaan01,64,,64,,0,0,0,30,0,0,35,0,0,35,0,,
1876,SL3,NL,mackde01,48,,48,,0,0,0,5,0,41,1,1,0,2,0,,
1876,PHN,NL,malonfe01,22,,22,,0,20,0,0,0,1,0,0,3,3,0,,
1876,NY3,NL,malonjo01,2,,2,,0,0,0,0,0,0,0,2,0,2,0,,
1876,BSN,NL,mannija01,70,,70,,34,0,0,1,0,1,0,1,55,56,0,,
1876,NY3,NL,mathebo01,56,,56,,56,0,0,0,0,0,0,0,1,1,0,,
1876,BSN,NL,mcbridi01,4,,4,,4,0,0,0,0,0,0,0,1,1,0,,
1876,SL3,NL,mcgeami01,61,,61,,0,5,0,56,1,0,0,1,0,1,0,,
1876,BSN,NL,mcginti01,9,,9,,0,3,0,0,0,0,0,6,0,6,0,,
1876,NY3,NL,mcguijo01,1,,1,,0,1,0,1,0,0,0,0,0,0,0,,
1876,CHN,NL,mcveyca01,63,,63,,11,6,55,0,1,0,1,0,0,1,0,,
1876,PHN,NL,meyerle01,55,,55,,2,0,0,3,49,0,0,0,3,3,0,,
1876,HAR,NL,millsev01,63,,63,,0,0,63,0,0,0,0,0,0,0,0,,
1876,BSN,NL,morrijo01,66,,66,,0,23,3,37,0,0,1,3,1,5,0,,
1876,PHN,NL,mullejo01,1,,1,,0,1,0,0,0,0,0,0,0,0,0,,
1876,BSN,NL,murnati01,69,,69,,0,0,65,1,0,0,2,1,0,3,0,,
1876,NY3,NL,nichoal01,57,,57,,0,0,0,0,57,0,0,0,0,0,0,,
1876,BSN,NL,nichotr01,1,,1,,1,0,0,0,0,0,0,0,0,0,0,,
1876,BSN,NL,orourji01,70,,70,,0,1,2,0,0,0,9,60,0,68,0,,
1876,BSN,NL,parksbi01,1,,1,,0,0,0,0,0,0,1,0,0,1,0,,
1876,PHN,NL,paullo01,3,,3,,0,3,0,0,0,0,0,0,0,0,0,,
1876,SL3,NL,pearcdi01,25,,25,,0,0,0,1,0,23,1,0,0,1,0,,
1876,LS1,NL,pearcfr01,1,,1,,1,0,0,0,0,0,0,0,0,0,0,,
1876,CHN,NL,peterjo01,66,,66,,1,0,0,0,0,66,0,0,0,0,0,,
1876,NY3,NL,phelpne01,1,,1,,0,0,0,0,0,0,0,1,0,1,0,,
1876,PHN,NL,phelpne01,1,,1,,0,1,0,0,0,0,0,0,0,0,0,,
1876,CN1,NL,piersda01,57,,57,,1,31,0,1,1,1,1,0,29,30,0,,
1876,SL3,NL,pikeli01,63,,63,,0,0,0,2,0,0,0,62,0,62,0,,
1876,HAR,NL,remseja01,69,,69,,0,0,0,0,0,0,3,66,0,69,0,,
1876,PHN,NL,rittewh01,16,,16,,0,14,0,0,1,0,0,2,2,4,0,,
1876,LS1,NL,ryanjo01,64,,64,,1,0,0,0,0,0,63,1,0,64,0,,
1876,BSN,NL,schafha01,70,,70,,0,0,0,0,70,0,0,0,0,0,0,,
1876,NY3,NL,sewarge01,1,,1,,0,0,0,1,0,0,0,0,0,0,0,,
1876,NY3,NL,shandji01,2,,2,,0,0,0,0,0,0,0,1,1,2,0,,
1876,LS1,NL,snydepo01,56,,56,,0,55,0,0,0,0,0,3,1,4,0,,
1876,CN1,NL,snydere01,55,,55,,0,0,0,0,0,0,54,0,1,55,0,,
1876,LS1,NL,somered01,64,,64,,0,0,0,64,0,0,0,0,0,0,0,,
1876,CHN,NL,spaldal01,66,,66,,61,0,3,0,0,1,9,1,0,10,0,,
1876,NY3,NL,startjo01,56,,56,,0,0,56,0,0,0,0,0,0,0,0,,
1876,PHN,NL,suttoez01,54,,54,,0,0,29,15,8,0,0,0,4,4,0,,
1876,CN1,NL,sweasch01,56,,56,,0,0,0,55,0,0,0,0,1,1,0,,
1876,NY3,NL,treacfr01,57,,57,,0,0,0,0,0,0,52,0,5,57,0,,
1876,NY3,NL,treacpe01,2,,2,,0,0,0,0,0,2,0,0,0,0,0,,
1876,NY3,NL,valenbo01,1,,1,,0,1,0,0,0,0,0,0,0,0,0,,
1876,PHN,NL,wardji01,1,,1,,0,1,0,0,0,0,0,0,0,0,0,,
1876,PHN,NL,warnefr01,1,,1,,0,0,0,0,0,0,0,1,0,1,0,,
1876,NY3,NL,westbi01,1,,1,,0,0,0,1,0,0,0,0,0,0,0,,
1876,CHN,NL,whitede01,66,,66,,1,63,3,0,1,0,3,0,0,3,0,,
1876,BSN,NL,whitnfr01,34,,34,,0,0,0,1,0,0,24,0,10,34,0,,
1876,CN1,NL,willida01,9,,9,,9,0,0,0,0,0,0,0,0,0,0,,
1876,BSN,NL,wrighge01,70,,70,,1,0,0,2,0,68,0,0,0,0,0,,
1876,BSN,NL,wrighha01,1,,1,,0,0,0,0,0,0,0,0,1,1,0,,
1876,BSN,NL,wrighsa01,2,,2,,0,0,0,0,0,2,0,0,0,0,0,,
1876,HAR,NL,yorkto01,67,,67,,0,0,0,0,0,0,66,1,0,67,0,,
1876,PHN,NL,zettlge01,32,,32,,28,0,7,1,0,0,0,1,0,1,0,,
1877,CN1,NL,addybo01,57,,57,,0,0,0,0,0,0,0,1,56,57,0,,
1877,HAR,NL,allisdo01,29,,29,,0,29,0,0,0,0,0,0,0,0,0,,
1877,CHN,NL,ansonca01,59,,59,,0,31,0,0,40,0,0,0,0,0,0,,
1877,CHN,NL,barnero01,22,,22,,0,0,0,22,0,0,0,0,0,0,0,,
1877,HAR,NL,bassjo01,1,,1,,0,0,0,0,0,0,1,0,0,1,0,,
1877,SL3,NL,battijo01,57,,57,,1,0,0,21,32,0,0,5,0,5,0,,
1877,SL3,NL,blongjo01,58,,58,,25,0,0,0,0,0,13,4,23,40,0,,
1877,BSN,NL,bondto01,61,,61,,58,0,0,0,0,0,0,0,3,3,0,,
1877,CN1,NL,bootham01,44,,44,,12,12,0,10,3,13,1,0,0,1,0,,
1877,CHN,NL,bradlge01,55,,55,,50,0,3,0,16,0,0,0,1,1,0,,
1877,BSN,NL,brownle01,58,,58,,0,55,4,0,0,0,0,0,0,0,0,,
1877,HAR,NL,buncejo01,1,,1,,0,0,0,0,0,0,1,0,0,1,0,,
1877,HAR,NL,burdoja01,58,,58,,0,0,0,55,3,0,0,0,0,0,0,,
1877,HAR,NL,careyto01,60,,60,,0,0,0,0,0,60,0,0,0,0,0,,
1877,HAR,NL,cassijo01,60,,60,,2,0,0,0,0,0,0,1,57,58,0,,
1877,SL3,NL,clappjo01,60,,60,,0,53,1,0,0,0,2,0,9,10,0,,
1877,LS1,NL,cravebi01,57,,57,,0,0,0,0,0,57,0,0,0,0,0,,
1877,SL3,NL,croftar01,54,,54,,0,0,28,1,0,0,25,1,1,25,0,,
1877,LS1,NL,crowlbi01,61,,61,,0,2,0,1,1,2,0,57,2,58,0,,
1877,CN1,NL,cummica01,19,,19,,19,0,0,0,0,0,0,1,2,3,0,,
1877,CN1,NL,cuthbne01,12,,12,,0,0,0,0,0,0,12,0,0,12,0,,
1877,SL3,NL,dehlmhe01,32,,32,,0,0,31,0,0,0,1,0,0,1,0,,
1877,LS1,NL,devliji01,61,,61,,61,0,0,0,0,0,0,0,0,0,0,,
1877,SL3,NL,dorgami01,60,,60,,0,12,0,1,2,1,20,1,29,50,0,,
1877,CHN,NL,edench01,15,,15,,0,0,0,0,0,0,0,0,15,15,0,,
1877,CHN,NL,eggleda01,33,,33,,0,0,0,0,0,0,0,33,0,33,0,,
1877,HAR,NL,fergubo01,58,,58,,3,0,0,0,56,0,0,0,0,0,0,,
1877,CHN,NL,fishech01,1,,1,,0,0,0,0,1,0,0,0,0,0,0,,
1877,CN1,NL,foleywi01,56,,56,,0,0,0,0,56,0,0,0,0,0,0,,
1877,SL3,NL,forceda01,58,,58,,0,0,0,0,8,50,0,0,0,0,0,,
1877,LS1,NL,gerhajo01,59,,59,,0,0,1,57,0,1,0,1,0,1,0,,
1877,SL3,NL,gleasja01,1,,1,,0,0,0,0,0,0,0,1,0,1,0,,
1877,CHN,NL,glennjo01,50,,50,,0,0,14,0,0,0,36,0,1,36,0,,
1877,CN1,NL,gouldch01,24,,24,,0,0,24,0,0,0,1,0,0,1,0,,
1877,LS1,NL,haguebi01,59,,59,,0,0,0,0,59,0,0,0,0,0,0,,
1877,LS1,NL,haldejo01,1,,1,,0,0,0,1,0,0,0,0,0,0,0,,
1877,LS1,NL,hallge01,61,,61,,0,0,0,0,0,0,61,0,0,61,0,,
1877,CHN,NL,halliji01,19,,19,,0,0,0,0,0,0,0,0,19,19,0,,
1877,CN1,NL,halliji01,16,,16,,0,0,0,16,0,0,0,0,0,0,0,,
1877,HAR,NL,harbibi01,41,,41,,0,32,0,4,1,0,0,3,2,5,0,,
1877,CN1,NL,hastisc01,20,,20,,0,20,0,0,0,0,0,1,0,1,0,,
1877,CN1,NL,hicksna01,8,,8,,0,8,0,0,0,0,0,0,0,0,0,,
1877,CHN,NL,hinespa01,60,,60,,0,0,0,11,0,0,24,18,7,49,0,,
1877,HAR,NL,holdsji01,55,,55,,0,0,0,0,0,0,0,55,0,55,0,,
1877,CHN,NL,jonesch01,2,,2,,0,0,0,0,0,0,0,2,0,2,0,,
1877,CN1,NL,jonesch01,55,,55,,0,0,10,0,0,0,43,3,0,46,0,,
1877,CN1,NL,kesslhe01,6,,6,,0,5,1,0,0,0,0,0,0,0,0,,
1877,LS1,NL,laffefl01,4,,4,,0,0,0,0,0,0,0,4,0,4,0,,
1877,HAR,NL,larkite01,58,,58,,56,0,0,1,2,0,0,0,0,0,0,,
1877,LS1,NL,lathaju01,59,,59,,0,0,59,0,0,0,0,0,0,0,0,,
1877,SL3,NL,leele01,4,,4,,0,0,0,0,0,1,1,2,1,4,0,,
1877,BSN,NL,leonaan01,58,,58,,0,0,0,0,0,21,37,0,0,37,0,,
1877,LS1,NL,littlha01,1,,1,,0,0,0,1,0,0,0,0,0,0,0,,
1877,SL3,NL,littlha01,3,,3,,0,0,0,0,0,0,0,3,0,3,0,,
1877,SL3,NL,loftuto01,3,,3,,0,0,0,0,0,0,1,0,2,3,0,,
1877,HAR,NL,malonjo01,1,,1,,0,0,0,0,0,0,0,1,0,1,0,,
1877,CN1,NL,mannija01,57,,57,,10,0,17,2,0,26,1,10,1,12,0,,
1877,CN1,NL,mathebo01,15,,15,,15,0,0,0,0,1,1,0,0,1,0,,
1877,SL3,NL,mcgeami01,57,,57,,0,0,0,39,19,0,0,0,0,0,0,,
1877,SL3,NL,mckenpa01,1,,1,,0,0,0,0,0,0,0,1,0,1,0,,
1877,CHN,NL,mcveyca01,60,,60,,17,40,1,1,17,0,0,0,0,0,0,,
1877,CN1,NL,meyerle01,27,,27,,0,0,0,12,0,18,0,1,0,1,0,,
1877,CN1,NL,millege01,11,,11,,0,11,0,0,0,0,0,0,0,0,0,,
1877,CN1,NL,mitchbo01,13,,13,,12,0,0,0,0,0,0,1,1,2,0,,
1877,BSN,NL,morrijo01,61,,61,,0,0,18,3,30,0,0,0,11,11,0,,
1877,BSN,NL,murnati01,35,,35,,0,0,5,0,0,0,0,25,5,30,0,,
1877,SL3,NL,newelte01,1,,1,,0,0,0,0,0,1,0,0,0,0,0,,
1877,LS1,NL,nichoal01,6,,6,,0,0,1,3,1,1,0,0,0,0,0,,
1877,SL3,NL,nichotr01,51,,51,,42,0,0,0,0,0,0,14,2,16,0,,
1877,BSN,NL,orourji01,61,,61,,0,0,1,0,0,0,23,35,3,60,0,,
1877,SL3,NL,pearcdi01,8,,8,,0,0,0,0,0,8,0,0,0,0,0,,
1877,CHN,NL,peterjo01,60,,60,,0,0,0,0,0,60,0,0,0,0,0,,
1877,HAR,NL,pikeja01,1,,1,,0,0,0,0,0,0,0,0,1,1,0,,
1877,CN1,NL,pikeli01,58,,58,,0,0,0,22,0,2,0,38,0,38,0,,
1877,CHN,NL,quinnpa02,4,,4,,0,0,0,0,0,0,0,0,4,4,0,,
1877,CN1,NL,redmobi01,3,,3,,0,0,0,0,0,3,0,0,0,0,0,,
1877,CHN,NL,reisla01,4,,4,,4,0,0,0,0,0,0,0,0,0,0,,
1877,SL3,NL,remseja01,33,,33,,0,0,0,0,0,0,0,33,0,33,0,,
1877,CHN,NL,roweda01,2,,2,,1,0,0,0,0,0,0,0,2,2,0,,
1877,CN1,NL,ryanjo01,6,,6,,0,0,0,0,0,0,1,5,0,6,0,,
1877,BSN,NL,schafha01,33,,33,,0,0,0,0,9,1,1,0,22,23,0,,
1877,LS1,NL,shaffor01,61,,61,,0,0,1,0,0,0,0,1,60,60,0,,
1877,CHN,NL,smithha01,24,,24,,0,0,0,14,0,0,0,7,3,10,0,,
1877,CN1,NL,smithha01,10,,10,,0,8,0,3,0,0,0,3,0,3,0,,
1877,LS1,NL,snydepo01,61,,61,,0,61,0,0,0,1,0,0,1,1,0,,
1877,CHN,NL,spaldal01,60,,60,,4,0,45,13,2,0,0,0,0,0,0,,
1877,HAR,NL,startjo01,60,,60,,0,0,60,0,0,0,0,0,0,0,0,,
1877,CN1,NL,sullich01,8,,8,,0,0,8,0,0,0,0,0,0,0,0,,
1877,BSN,NL,suttoez01,58,,58,,0,0,0,0,22,36,0,0,0,0,0,,
1877,HAR,NL,tayloli01,2,,2,,0,0,0,0,0,0,2,0,0,2,0,,
1877,CHN,NL,waittch01,10,,10,,0,0,0,0,0,0,0,0,10,10,0,,
1877,BSN,NL,whitede01,59,,59,,0,7,35,0,0,0,0,0,19,19,0,,
1877,BSN,NL,whitewi01,3,,3,,3,0,0,0,0,0,0,0,0,0,0,,
1877,BSN,NL,wrighge01,61,,61,,0,0,0,58,0,3,0,0,0,0,0,,
1877,BSN,NL,wrighha01,1,,1,,0,0,0,0,0,0,0,1,0,1,0,,
1877,HAR,NL,yorkto01,56,,56,,0,0,0,0,0,0,56,0,0,56,0,,
1878,PRO,NL,allisdo01,19,,19,,1,19,0,0,0,0,0,0,0,0,0,,
1878,CHN,NL,ansonca01,60,,60,,0,3,0,9,3,0,45,3,0,48,0,,
1878,ML2,NL,bennech01,49,,49,,0,35,0,0,0,0,0,16,4,20,0,,
1878,ML2,NL,blissfr01,2,,2,,0,1,0,0,1,0,0,0,0,0,0,,
1878,BSN,NL,bondto01,59,,59,,59,0,0,0,0,0,0,0,2,2,0,,
1878,PRO,NL,brownle01,58,,58,,1,45,15,0,0,0,0,0,1,1,0,,
1878,BSN,NL,burdoja01,60,,60,,0,0,0,60,0,0,0,0,0,0,0,,
1878,PRO,NL,careyto01,61,,61,,0,0,0,0,0,61,0,0,0,0,0,,
1878,CHN,NL,cassijo01,60,,60,,0,1,0,0,0,0,0,0,60,60,0,,
1878,IN1,NL,clappjo01,63,,63,,0,9,12,1,0,3,44,0,0,44,0,,
1878,PRO,NL,coreyfr01,7,,7,,5,0,1,2,0,0,0,0,0,0,0,,
1878,ML2,NL,creamge01,50,,50,,0,0,0,28,6,0,0,16,4,17,0,,
1878,IN1,NL,croftar01,60,,60,,0,0,51,0,0,0,9,0,0,9,0,,
1878,ML2,NL,dalryab01,61,,61,,0,0,0,0,0,0,61,0,0,61,0,,
1878,CN1,NL,dickebu01,29,,29,,0,0,0,0,0,0,10,19,0,29,0,,
1878,ML2,NL,ellicjo01,3,,3,,1,2,0,0,1,0,0,0,0,0,0,,
1878,CHN,NL,fergubo01,61,,61,,0,1,0,4,0,57,0,0,0,0,0,,
1878,PRO,NL,fishech01,1,,1,,1,0,0,0,0,0,0,0,0,0,0,,
1878,IN1,NL,flintsi01,63,,63,,0,59,0,0,0,0,5,0,4,9,0,,
1878,ML2,NL,foleywi01,56,,56,,0,7,0,0,53,0,0,0,0,0,0,,
1878,CN1,NL,geerbi01,61,,61,,0,0,0,2,0,60,0,0,0,0,0,,
1878,CN1,NL,gerhajo01,60,,60,,0,0,0,60,0,0,0,0,0,0,0,,
1878,ML2,NL,goldemi01,55,,55,,22,0,1,0,0,0,0,25,14,39,0,,
1878,ML2,NL,goodmja01,60,,60,,0,0,60,0,0,0,0,0,0,0,0,,
1878,PRO,NL,haguebi01,62,,62,,0,0,0,0,62,0,0,0,0,0,0,,
1878,CHN,NL,halliji01,16,,16,,0,0,0,5,0,0,11,0,0,11,0,,
1878,IN1,NL,halliji01,3,,3,,0,0,0,0,0,0,3,0,0,3,0,,
1878,CHN,NL,hankifr01,58,,58,,1,0,0,0,57,0,0,0,0,0,0,,
1878,CHN,NL,harbibi01,54,,54,,0,53,0,0,0,0,4,3,1,8,0,,
1878,IN1,NL,healeto01,12,,12,,11,0,0,0,0,0,2,1,0,3,0,,
1878,PRO,NL,healeto01,3,,3,,3,0,0,0,0,0,0,0,0,0,0,,
1878,PRO,NL,highadi01,62,,62,,0,1,0,0,0,0,0,0,62,62,0,,
1878,PRO,NL,hinespa01,62,,62,,0,0,0,0,0,1,0,61,0,61,0,,
1878,ML2,NL,holbebi01,45,,45,,0,21,0,0,0,0,0,0,30,30,0,,
1878,ML2,NL,jennial01,1,,1,,0,1,0,0,0,0,0,0,0,0,0,,
1878,CN1,NL,jonesch01,61,,61,,0,0,0,0,0,0,51,10,0,61,0,,
1878,CN1,NL,kellyki01,60,,60,,0,17,0,0,2,0,0,0,47,47,0,,
1878,ML2,NL,knowdja01,4,,4,,0,2,0,0,0,1,0,0,1,1,0,,
1878,CHN,NL,larkite01,58,,58,,56,0,0,0,1,0,1,0,0,1,0,,
1878,BSN,NL,leonaan01,60,,60,,0,0,0,0,0,0,60,0,0,60,0,,
1878,BSN,NL,mannija01,60,,60,,3,0,0,0,0,0,0,3,56,59,0,,
1878,CHN,NL,mcclebi01,48,,48,,0,0,0,42,0,5,0,0,1,1,0,,